0 verbose cli /usr/bin/node /usr/bin/npm
1 info using npm@9.2.0
2 info using node@v22.22.1
3 timing npm:load:whichnode Completed in 1ms
4 timing config:load:defaults Completed in 1ms
5 timing config:load:file:/usr/share/nodejs/npm/npmrc Completed in 10ms
6 timing config:load:builtin Completed in 10ms
7 timing config:load:cli Completed in 2ms
8 timing config:load:env Completed in 0ms
9 timing config:load:file:/home/ubuntu/devops-demo/.npmrc Completed in 0ms
10 timing config:load:project Completed in 7ms
11 timing config:load:file:/home/ubuntu/.npmrc Completed in 0ms
12 timing config:load:user Completed in 0ms
13 timing config:load:file:/etc/npmrc Completed in 0ms
14 timing config:load:global Completed in 1ms
15 timing config:load:setEnvs Completed in 0ms
16 timing config:load Completed in 22ms
17 timing npm:load:configload Completed in 23ms
18 timing npm:load:mkdirpcache Completed in 0ms
19 timing npm:load:mkdirplogs Completed in 0ms
20 verbose title npm install
21 verbose argv "install"
22 timing npm:load:setTitle Completed in 1ms
23 timing config:load:flatten Completed in 2ms
24 timing npm:load:display Completed in 3ms
25 verbose logfile logs-max:10 dir:/home/ubuntu/.npm/_logs/2026-09-20T06_51_27_231Z-
26 verbose logfile /home/ubuntu/.npm/_logs/2026-09-20T06_51_27_231Z-debug-0.log
27 timing npm:load:logFile Completed in 12ms
28 timing npm:load:timers Completed in 0ms
29 timing npm:load:configScope Completed in 0ms
30 timing npm:load Completed in 40ms
31 timing config:load:flatten Completed in 0ms
32 timing arborist:ctor Completed in 1ms
33 silly logfile done cleaning log files
34 timing idealTree:init Completed in 280ms
35 timing idealTree:userRequests Completed in 1ms
36 silly idealTree buildDeps
37 timing idealTree:#root Completed in 1ms
38 timing idealTree:buildDeps Completed in 1ms
39 timing idealTree:fixDepFlags Completed in 0ms
40 warn EBADENGINE Unsupported engine {
40 warn EBADENGINE   package: undefined,
40 warn EBADENGINE   required: { node: '22.x || 24.x || 26.x', npm: '12.x' },
40 warn EBADENGINE   current: { node: 'v22.22.1', npm: '9.2.0' }
40 warn EBADENGINE }
41 timing idealTree Completed in 291ms
42 timing reify:loadTrees Completed in 302ms
43 timing reify:diffTrees Completed in 8ms
44 silly reify moves {}
45 timing reify:retireShallow Completed in 0ms
46 timing reify:createSparse Completed in 41ms
47 timing reify:loadBundles Completed in 0ms
48 silly audit bulk request {
48 silly audit   '@babel/code-frame': [ '7.29.7' ],
48 silly audit   '@babel/compat-data': [ '7.29.7' ],
48 silly audit   '@babel/core': [ '7.29.7' ],
48 silly audit   '@babel/generator': [ '7.29.8' ],
48 silly audit   '@babel/helper-compilation-targets': [ '7.29.7' ],
48 silly audit   '@babel/helper-globals': [ '7.29.7' ],
48 silly audit   '@babel/helper-module-imports': [ '7.29.7' ],
48 silly audit   '@babel/helper-module-transforms': [ '7.29.7' ],
48 silly audit   '@babel/helper-plugin-utils': [ '7.29.7' ],
48 silly audit   '@babel/helper-string-parser': [ '7.29.7' ],
48 silly audit   '@babel/helper-validator-identifier': [ '7.29.7' ],
48 silly audit   '@babel/helper-validator-option': [ '7.29.7' ],
48 silly audit   '@babel/helpers': [ '7.29.7' ],
48 silly audit   '@babel/parser': [ '7.29.8' ],
48 silly audit   '@babel/plugin-syntax-async-generators': [ '7.8.4' ],
48 silly audit   '@babel/plugin-syntax-bigint': [ '7.8.3' ],
48 silly audit   '@babel/plugin-syntax-class-properties': [ '7.12.13' ],
48 silly audit   '@babel/plugin-syntax-class-static-block': [ '7.14.5' ],
48 silly audit   '@babel/plugin-syntax-import-attributes': [ '7.29.7' ],
48 silly audit   '@babel/plugin-syntax-import-meta': [ '7.10.4' ],
48 silly audit   '@babel/plugin-syntax-json-strings': [ '7.8.3' ],
48 silly audit   '@babel/plugin-syntax-jsx': [ '7.29.7' ],
48 silly audit   '@babel/plugin-syntax-logical-assignment-operators': [ '7.10.4' ],
48 silly audit   '@babel/plugin-syntax-nullish-coalescing-operator': [ '7.8.3' ],
48 silly audit   '@babel/plugin-syntax-numeric-separator': [ '7.10.4' ],
48 silly audit   '@babel/plugin-syntax-object-rest-spread': [ '7.8.3' ],
48 silly audit   '@babel/plugin-syntax-optional-catch-binding': [ '7.8.3' ],
48 silly audit   '@babel/plugin-syntax-optional-chaining': [ '7.8.3' ],
48 silly audit   '@babel/plugin-syntax-private-property-in-object': [ '7.14.5' ],
48 silly audit   '@babel/plugin-syntax-top-level-await': [ '7.14.5' ],
48 silly audit   '@babel/plugin-syntax-typescript': [ '7.29.7' ],
48 silly audit   '@babel/template': [ '7.29.7' ],
48 silly audit   '@babel/traverse': [ '7.29.8' ],
48 silly audit   '@babel/types': [ '7.29.8' ],
48 silly audit   '@bcoe/v8-coverage': [ '0.2.3' ],
48 silly audit   '@emnapi/core': [ '1.10.0' ],
48 silly audit   '@emnapi/runtime': [ '1.10.0' ],
48 silly audit   '@emnapi/wasi-threads': [ '1.2.1' ],
48 silly audit   '@isaacs/cliui': [ '8.0.2' ],
48 silly audit   'ansi-regex': [ '6.3.0', '5.0.1' ],
48 silly audit   'ansi-styles': [ '6.2.3', '4.3.0', '5.2.0' ],
48 silly audit   'emoji-regex': [ '9.2.2', '8.0.0' ],
48 silly audit   'string-width': [ '5.1.2', '4.2.3' ],
48 silly audit   'strip-ansi': [ '7.2.0', '6.0.1' ],
48 silly audit   'wrap-ansi': [ '8.1.0', '7.0.0' ],
48 silly audit   '@istanbuljs/load-nyc-config': [ '1.1.0' ],
48 silly audit   '@istanbuljs/schema': [ '0.1.6' ],
48 silly audit   '@jest/console': [ '30.5.0' ],
48 silly audit   '@jest/core': [ '30.5.0' ],
48 silly audit   '@jest/diff-sequences': [ '30.5.0' ],
48 silly audit   '@jest/environment': [ '30.5.0' ],
48 silly audit   '@jest/expect': [ '30.5.0' ],
48 silly audit   '@jest/expect-utils': [ '30.5.0' ],
48 silly audit   '@jest/fake-timers': [ '30.5.0' ],
48 silly audit   '@jest/get-type': [ '30.5.0' ],
48 silly audit   '@jest/globals': [ '30.5.0' ],
48 silly audit   '@jest/pattern': [ '30.5.0' ],
48 silly audit   'react-is': [ '18.3.1', '19.2.8' ],
48 silly audit   '@jest/reporters': [ '30.5.0' ],
48 silly audit   '@jest/schemas': [ '30.5.0' ],
48 silly audit   '@jest/snapshot-utils': [ '30.5.0' ],
48 silly audit   '@jest/source-map': [ '30.5.0' ],
48 silly audit   '@jest/test-result': [ '30.5.0' ],
48 silly audit   '@jest/test-sequencer': [ '30.5.0' ],
48 silly audit   '@jest/transform': [ '30.5.0' ],
48 silly audit   '@jest/types': [ '30.5.0' ],
48 silly audit   '@jridgewell/gen-mapping': [ '0.3.13' ],
48 silly audit   '@jridgewell/remapping': [ '2.3.5' ],
48 silly audit   '@jridgewell/resolve-uri': [ '3.1.2' ],
48 silly audit   '@jridgewell/sourcemap-codec': [ '1.6.0' ],
48 silly audit   '@jridgewell/trace-mapping': [ '0.3.31' ],
48 silly audit   '@napi-rs/wasm-runtime': [ '1.2.3' ],
48 silly audit   '@parcel/watcher': [ '2.6.0' ],
48 silly audit   '@parcel/watcher-android-arm64': [ '2.6.0' ],
48 silly audit   '@parcel/watcher-darwin-arm64': [ '2.6.0' ],
48 silly audit   '@parcel/watcher-darwin-x64': [ '2.6.0' ],
48 silly audit   '@parcel/watcher-freebsd-x64': [ '2.6.0' ],
48 silly audit   '@parcel/watcher-linux-arm-glibc': [ '2.6.0' ],
48 silly audit   '@parcel/watcher-linux-arm-musl': [ '2.6.0' ],
48 silly audit   '@parcel/watcher-linux-arm64-glibc': [ '2.6.0' ],
48 silly audit   '@parcel/watcher-linux-arm64-musl': [ '2.6.0' ],
48 silly audit   '@parcel/watcher-linux-x64-glibc': [ '2.6.0' ],
48 silly audit   '@parcel/watcher-linux-x64-musl': [ '2.6.0' ],
48 silly audit   '@parcel/watcher-win32-arm64': [ '2.6.0' ],
48 silly audit   '@parcel/watcher-win32-x64': [ '2.6.0' ],
48 silly audit   '@pkgjs/parseargs': [ '0.11.0' ],
48 silly audit   '@pkgr/core': [ '0.3.6' ],
48 silly audit   '@sinclair/typebox': [ '0.34.52' ],
48 silly audit   '@sinonjs/commons': [ '3.0.1' ],
48 silly audit   '@sinonjs/fake-timers': [ '15.4.0' ],
48 silly audit   '@tybys/wasm-util': [ '0.10.3' ],
48 silly audit   '@types/babel__core': [ '7.20.5' ],
48 silly audit   '@types/babel__generator': [ '7.27.0' ],
48 silly audit   '@types/babel__template': [ '7.4.4' ],
48 silly audit   '@types/babel__traverse': [ '7.28.0' ],
48 silly audit   '@types/istanbul-lib-coverage': [ '2.0.6' ],
48 silly audit   '@types/istanbul-lib-report': [ '3.0.3' ],
48 silly audit   '@types/istanbul-reports': [ '3.0.4' ],
48 silly audit   '@types/node': [ '26.4.0' ],
48 silly audit   '@types/stack-utils': [ '2.0.3' ],
48 silly audit   '@types/yargs': [ '17.0.35' ],
48 silly audit   '@types/yargs-parser': [ '21.0.3' ],
48 silly audit   '@ungap/structured-clone': [ '1.4.0' ],
48 silly audit   '@unrs/resolver-binding-android-arm-eabi': [ '1.12.2' ],
48 silly audit   '@unrs/resolver-binding-android-arm64': [ '1.12.2' ],
48 silly audit   '@unrs/resolver-binding-darwin-arm64': [ '1.12.2' ],
48 silly audit   '@unrs/resolver-binding-darwin-x64': [ '1.12.2' ],
48 silly audit   '@unrs/resolver-binding-freebsd-x64': [ '1.12.2' ],
48 silly audit   '@unrs/resolver-binding-linux-arm-gnueabihf': [ '1.12.2' ],
48 silly audit   '@unrs/resolver-binding-linux-arm-musleabihf': [ '1.12.2' ],
48 silly audit   '@unrs/resolver-binding-linux-arm64-gnu': [ '1.12.2' ],
48 silly audit   '@unrs/resolver-binding-linux-arm64-musl': [ '1.12.2' ],
48 silly audit   '@unrs/resolver-binding-linux-loong64-gnu': [ '1.12.2' ],
48 silly audit   '@unrs/resolver-binding-linux-loong64-musl': [ '1.12.2' ],
48 silly audit   '@unrs/resolver-binding-linux-ppc64-gnu': [ '1.12.2' ],
48 silly audit   '@unrs/resolver-binding-linux-riscv64-gnu': [ '1.12.2' ],
48 silly audit   '@unrs/resolver-binding-linux-riscv64-musl': [ '1.12.2' ],
48 silly audit   '@unrs/resolver-binding-linux-s390x-gnu': [ '1.12.2' ],
48 silly audit   '@unrs/resolver-binding-linux-x64-gnu': [ '1.12.2' ],
48 silly audit   '@unrs/resolver-binding-linux-x64-musl': [ '1.12.2' ],
48 silly audit   '@unrs/resolver-binding-openharmony-arm64': [ '1.12.2' ],
48 silly audit   '@unrs/resolver-binding-wasm32-wasi': [ '1.12.2' ],
48 silly audit   '@unrs/resolver-binding-win32-arm64-msvc': [ '1.12.2' ],
48 silly audit   '@unrs/resolver-binding-win32-ia32-msvc': [ '1.12.2' ],
48 silly audit   '@unrs/resolver-binding-win32-x64-msvc': [ '1.12.2' ],
48 silly audit   accepts: [ '2.0.0' ],
48 silly audit   'ansi-escapes': [ '4.3.2' ],
48 silly audit   anymatch: [ '3.1.3' ],
48 silly audit   picomatch: [ '2.3.2', '4.0.7' ],
48 silly audit   argparse: [ '1.0.10' ],
48 silly audit   'babel-jest': [ '30.5.0' ],
48 silly audit   'babel-plugin-istanbul': [ '8.0.0' ],
48 silly audit   'babel-plugin-jest-hoist': [ '30.5.0' ],
48 silly audit   'babel-preset-current-node-syntax': [ '1.2.0' ],
48 silly audit   'babel-preset-jest': [ '30.5.0' ],
48 silly audit   'balanced-match': [ '4.0.4', '1.0.2' ],
48 silly audit   'baseline-browser-mapping': [ '2.11.20' ],
48 silly audit   'body-parser': [ '2.3.0' ],
48 silly audit   'content-type': [ '2.0.0', '1.0.5' ],
48 silly audit   'brace-expansion': [ '5.0.9', '2.1.4' ],
48 silly audit   browserslist: [ '4.28.8' ],
48 silly audit   bser: [ '2.1.1' ],
48 silly audit   bytes: [ '3.1.2' ],
48 silly audit   'call-bind-apply-helpers': [ '1.0.2' ],
48 silly audit   'call-bound': [ '1.0.4' ],
48 silly audit   callsites: [ '3.1.0' ],
48 silly audit   camelcase: [ '5.3.1', '6.3.0' ],
48 silly audit   'caniuse-lite': [ '1.0.30001810' ],
48 silly audit   chalk: [ '4.1.2' ],
48 silly audit   'char-regex': [ '1.0.2' ],
48 silly audit   'ci-info': [ '4.4.0' ],
48 silly audit   'cjs-module-lexer': [ '2.2.1' ],
48 silly audit   cliui: [ '8.0.1' ],
48 silly audit   co: [ '4.6.0' ],
48 silly audit   'collect-v8-coverage': [ '1.0.3' ],
48 silly audit   'color-convert': [ '2.0.1' ],
48 silly audit   'color-name': [ '1.1.4' ],
48 silly audit   'content-disposition': [ '1.0.0' ],
48 silly audit   'convert-source-map': [ '2.0.0' ],
48 silly audit   cookie: [ '0.7.1' ],
48 silly audit   'cookie-signature': [ '1.2.2' ],
48 silly audit   'cross-spawn': [ '7.0.6' ],
48 silly audit   debug: [ '4.4.3' ],
48 silly audit   dedent: [ '1.7.2' ],
48 silly audit   deepmerge: [ '4.3.1' ],
48 silly audit   depd: [ '2.0.0' ],
48 silly audit   'detect-libc': [ '2.1.2' ],
48 silly audit   'detect-newline': [ '3.1.0' ],
48 silly audit   'dunder-proto': [ '1.0.1' ],
48 silly audit   eastasianwidth: [ '0.2.0' ],
48 silly audit   'ee-first': [ '1.1.1' ],
48 silly audit   ejs: [ '6.0.1' ],
48 silly audit   'electron-to-chromium': [ '1.5.416' ],
48 silly audit   emittery: [ '0.13.1' ],
48 silly audit   encodeurl: [ '2.0.0' ],
48 silly audit   'error-ex': [ '1.3.4' ],
48 silly audit   'es-define-property': [ '1.0.1' ],
48 silly audit   'es-errors': [ '1.3.0' ],
48 silly audit   'es-module-lexer': [ '2.3.2' ],
48 silly audit   'es-object-atoms': [ '1.1.2' ],
48 silly audit   escalade: [ '3.2.0' ],
48 silly audit   'escape-html': [ '1.0.3' ],
48 silly audit   'escape-string-regexp': [ '2.0.0' ],
48 silly audit   esprima: [ '4.0.1' ],
48 silly audit   etag: [ '1.8.1' ],
48 silly audit   execa: [ '5.1.1' ],
48 silly audit   'exit-x': [ '0.2.2' ],
48 silly audit   expect: [ '30.5.0' ],
48 silly audit   express: [ '5.2.1' ],
48 silly audit   'fast-json-stable-stringify': [ '2.1.0' ],
48 silly audit   'fb-watchman': [ '2.0.2' ],
48 silly audit   fdir: [ '6.5.0' ],
48 silly audit   finalhandler: [ '2.1.0' ],
48 silly audit   'find-up': [ '4.1.0' ],
48 silly audit   'foreground-child': [ '3.3.1' ],
48 silly audit   'signal-exit': [ '4.1.0', '3.0.7' ],
48 silly audit   forwarded: [ '0.2.0' ],
48 silly audit   fresh: [ '2.0.0' ],
48 silly audit   'function-bind': [ '1.1.2' ],
48 silly audit   gensync: [ '1.0.0-beta.2' ],
48 silly audit   'get-caller-file': [ '2.0.5' ],
48 silly audit   'get-intrinsic': [ '1.3.0' ],
48 silly audit   'get-package-type': [ '0.1.0' ],
48 silly audit   'get-proto': [ '1.0.1' ],
48 silly audit   'get-stream': [ '6.0.1' ],
48 silly audit   glob: [ '13.0.6', '10.5.0' ],
48 silly audit   gopd: [ '1.2.0' ],
48 silly audit   'graceful-fs': [ '4.2.11' ],
48 silly audit   'has-flag': [ '4.0.0' ],
48 silly audit   'has-symbols': [ '1.1.0' ],
48 silly audit   hasown: [ '2.0.4' ],
48 silly audit   'html-escaper': [ '2.0.2' ],
48 silly audit   'http-errors': [ '2.0.1' ],
48 silly audit   'human-signals': [ '2.1.0' ],
48 silly audit   'iconv-lite': [ '0.7.3' ],
48 silly audit   'import-local': [ '3.2.0' ],
48 silly audit   imurmurhash: [ '0.1.4' ],
48 silly audit   inherits: [ '2.0.4' ],
48 silly audit   'ipaddr.js': [ '1.9.1' ],
48 silly audit   'is-arrayish': [ '0.2.1' ],
48 silly audit   'is-extglob': [ '2.1.1' ],
48 silly audit   'is-fullwidth-code-point': [ '3.0.0' ],
48 silly audit   'is-generator-fn': [ '2.1.0' ],
48 silly audit   'is-glob': [ '4.0.3' ],
48 silly audit   'is-promise': [ '4.0.0' ],
48 silly audit   'is-stream': [ '2.0.1' ],
48 silly audit   isexe: [ '2.0.0' ],
48 silly audit   'istanbul-lib-coverage': [ '3.2.2' ],
48 silly audit   'istanbul-lib-instrument': [ '6.0.3' ],
48 silly audit   semver: [ '7.8.5', '6.3.1' ],
48 silly audit   'istanbul-lib-report': [ '3.0.1' ],
48 silly audit   'istanbul-lib-source-maps': [ '5.0.6' ],
48 silly audit   'istanbul-reports': [ '3.2.0' ],
48 silly audit   jackspeak: [ '3.4.3' ],
48 silly audit   jest: [ '30.5.0' ],
48 silly audit   'jest-changed-files': [ '30.5.0' ],
48 silly audit   'jest-circus': [ '30.5.0' ],
48 silly audit   'jest-cli': [ '30.5.0' ],
48 silly audit   'jest-config': [ '30.5.0' ],
48 silly audit   'jest-diff': [ '30.5.0' ],
48 silly audit   'jest-docblock': [ '30.5.0' ],
48 silly audit   'jest-each': [ '30.5.0' ],
48 silly audit   'jest-environment-node': [ '30.5.0' ],
48 silly audit   'jest-haste-map': [ '30.5.0' ],
48 silly audit   'jest-leak-detector': [ '30.5.0' ],
48 silly audit   'jest-matcher-utils': [ '30.5.0' ],
48 silly audit   'jest-message-util': [ '30.5.0' ],
48 silly audit   'jest-mock': [ '30.5.0' ],
48 silly audit   'jest-regex-util': [ '30.5.0' ],
48 silly audit   'jest-resolve': [ '30.5.0' ],
48 silly audit   'jest-resolve-dependencies': [ '30.5.0' ],
48 silly audit   'jest-runner': [ '30.5.0' ],
48 silly audit   'jest-runtime': [ '30.5.0' ],
48 silly audit   'jest-snapshot': [ '30.5.0' ],
48 silly audit   'jest-util': [ '30.5.0' ],
48 silly audit   'jest-validate': [ '30.5.0' ],
48 silly audit   'jest-watcher': [ '30.5.0' ],
48 silly audit   'jest-worker': [ '30.5.0' ],
48 silly audit   'supports-color': [ '8.1.1', '7.2.0' ],
48 silly audit   'js-tokens': [ '4.0.0' ],
48 silly audit   'js-yaml': [ '3.15.2' ],
48 silly audit   jsesc: [ '3.1.0' ],
48 silly audit   'json-parse-even-better-errors': [ '2.3.1' ],
48 silly audit   json5: [ '2.2.3' ],
48 silly audit   leven: [ '3.1.0' ],
48 silly audit   'lines-and-columns': [ '1.2.4' ],
48 silly audit   'locate-path': [ '5.0.0' ],
48 silly audit   'lru-cache': [ '5.1.1', '11.5.2', '10.4.3' ],
48 silly audit   'make-dir': [ '4.0.0' ],
48 silly audit   'math-intrinsics': [ '1.1.0' ],
48 silly audit   'media-typer': [ '1.1.0' ],
48 silly audit   'merge-descriptors': [ '2.0.0' ],
48 silly audit   'merge-stream': [ '2.0.0' ],
48 silly audit   'mime-db': [ '1.54.0' ],
48 silly audit   'mime-types': [ '3.0.1' ],
48 silly audit   'mimic-fn': [ '2.1.0' ],
48 silly audit   minimatch: [ '10.2.6', '9.0.9' ],
48 silly audit   minipass: [ '7.1.3' ],
48 silly audit   ms: [ '2.1.3' ],
48 silly audit   'napi-postinstall': [ '0.3.4' ],
48 silly audit   'natural-compare': [ '1.4.0' ],
48 silly audit   negotiator: [ '1.0.0' ],
48 silly audit   'node-addon-api': [ '7.1.1' ],
48 silly audit   'node-int64': [ '0.4.0' ],
48 silly audit   'node-releases': [ '2.0.54' ],
48 silly audit   'normalize-path': [ '3.0.0' ],
48 silly audit   'npm-run-path': [ '4.0.1' ],
48 silly audit   'object-inspect': [ '1.13.4' ],
48 silly audit   'on-finished': [ '2.4.1' ],
48 silly audit   once: [ '1.4.0' ],
48 silly audit   onetime: [ '5.1.2' ],
48 silly audit   'p-limit': [ '3.1.0', '2.3.0' ],
48 silly audit   'p-locate': [ '4.1.0' ],
48 silly audit   'p-try': [ '2.2.0' ],
48 silly audit   'package-json-from-dist': [ '1.0.1' ],
48 silly audit   'parse-json': [ '5.2.0' ],
48 silly audit   parseurl: [ '1.3.3' ],
48 silly audit   'path-exists': [ '4.0.0' ],
48 silly audit   'path-key': [ '3.1.1' ],
48 silly audit   'path-scurry': [ '2.0.2', '1.11.1' ],
48 silly audit   'path-to-regexp': [ '8.4.0' ],
48 silly audit   picocolors: [ '1.1.1' ],
48 silly audit   pirates: [ '4.0.7' ],
48 silly audit   'pkg-dir': [ '4.2.0' ],
48 silly audit   'pretty-format': [ '30.5.0' ],
48 silly audit   'proxy-addr': [ '2.0.7' ],
48 silly audit   'pure-rand': [ '7.0.1' ],
48 silly audit   qs: [ '6.16.0' ],
48 silly audit   'range-parser': [ '1.2.1' ],
48 silly audit   'raw-body': [ '3.0.2' ],
48 silly audit   'require-directory': [ '2.1.1' ],
48 silly audit   'resolve-cwd': [ '3.0.0' ],
48 silly audit   'resolve-from': [ '5.0.0' ],
48 silly audit   router: [ '2.2.0' ],
48 silly audit   'safe-buffer': [ '5.2.1' ],
48 silly audit   'safer-buffer': [ '2.1.2' ],
48 silly audit   send: [ '1.2.0' ],
48 silly audit   'serve-static': [ '2.2.0' ],
48 silly audit   setprototypeof: [ '1.2.0' ],
48 silly audit   'shebang-command': [ '2.0.0' ],
48 silly audit   'shebang-regex': [ '3.0.0' ],
48 silly audit   'side-channel': [ '1.1.1' ],
48 silly audit   'side-channel-list': [ '1.0.1' ],
48 silly audit   'side-channel-map': [ '1.0.1' ],
48 silly audit   'side-channel-weakmap': [ '1.0.2' ],
48 silly audit   slash: [ '3.0.0' ],
48 silly audit   'sprintf-js': [ '1.0.3' ],
48 silly audit   'stack-utils': [ '2.0.6' ],
48 silly audit   statuses: [ '2.0.2' ],
48 silly audit   'string-length': [ '4.0.2' ],
48 silly audit   'strip-bom': [ '4.0.0' ],
48 silly audit   'strip-final-newline': [ '2.0.0' ],
48 silly audit   'strip-json-comments': [ '3.1.1' ],
48 silly audit   synckit: [ '0.11.13' ],
48 silly audit   'test-exclude': [ '7.0.2' ],
48 silly audit   toidentifier: [ '1.0.1' ],
48 silly audit   tslib: [ '2.8.1' ],
48 silly audit   'type-detect': [ '4.0.8' ],
48 silly audit   'type-fest': [ '0.21.3' ],
48 silly audit   'type-is': [ '2.1.0' ],
48 silly audit   'undici-types': [ '8.3.0' ],
48 silly audit   unpipe: [ '1.0.0' ],
48 silly audit   'unrs-resolver': [ '1.12.2' ],
48 silly audit   'update-browserslist-db': [ '1.3.2' ],
48 silly audit   'v8-to-istanbul': [ '9.3.0' ],
48 silly audit   vary: [ '1.1.2' ],
48 silly audit   which: [ '2.0.2' ],
48 silly audit   wrappy: [ '1.0.2' ],
48 silly audit   'write-file-atomic': [ '5.0.1' ],
48 silly audit   y18n: [ '5.0.8' ],
48 silly audit   yallist: [ '3.1.1' ],
48 silly audit   yargs: [ '17.7.3' ],
48 silly audit   'yargs-parser': [ '21.1.1' ],
48 silly audit   'yocto-queue': [ '0.1.0' ]
48 silly audit }
49 verbose reify failed optional dependency /home/ubuntu/devops-demo/node_modules/@unrs/resolver-binding-win32-x64-msvc
50 silly reify mark deleted [
50 silly reify   '/home/ubuntu/devops-demo/node_modules/@unrs/resolver-binding-win32-x64-msvc'
50 silly reify ]
51 verbose reify failed optional dependency /home/ubuntu/devops-demo/node_modules/@unrs/resolver-binding-win32-ia32-msvc
52 silly reify mark deleted [
52 silly reify   '/home/ubuntu/devops-demo/node_modules/@unrs/resolver-binding-win32-ia32-msvc'
52 silly reify ]
53 verbose reify failed optional dependency /home/ubuntu/devops-demo/node_modules/@unrs/resolver-binding-win32-arm64-msvc
54 silly reify mark deleted [
54 silly reify   '/home/ubuntu/devops-demo/node_modules/@unrs/resolver-binding-win32-arm64-msvc'
54 silly reify ]
55 verbose reify failed optional dependency /home/ubuntu/devops-demo/node_modules/@unrs/resolver-binding-wasm32-wasi
56 silly reify mark deleted [
56 silly reify   '/home/ubuntu/devops-demo/node_modules/@unrs/resolver-binding-wasm32-wasi'
56 silly reify ]
57 verbose reify failed optional dependency /home/ubuntu/devops-demo/node_modules/@emnapi/core
58 silly reify mark deleted [ '/home/ubuntu/devops-demo/node_modules/@emnapi/core' ]
59 verbose reify failed optional dependency /home/ubuntu/devops-demo/node_modules/@emnapi/runtime
60 silly reify mark deleted [ '/home/ubuntu/devops-demo/node_modules/@emnapi/runtime' ]
61 verbose reify failed optional dependency /home/ubuntu/devops-demo/node_modules/@napi-rs/wasm-runtime
62 silly reify mark deleted [ '/home/ubuntu/devops-demo/node_modules/@napi-rs/wasm-runtime' ]
63 verbose reify failed optional dependency /home/ubuntu/devops-demo/node_modules/@emnapi/wasi-threads
64 silly reify mark deleted [ '/home/ubuntu/devops-demo/node_modules/@emnapi/wasi-threads' ]
65 verbose reify failed optional dependency /home/ubuntu/devops-demo/node_modules/tslib
66 silly reify mark deleted [ '/home/ubuntu/devops-demo/node_modules/tslib' ]
67 verbose reify failed optional dependency /home/ubuntu/devops-demo/node_modules/@tybys/wasm-util
68 silly reify mark deleted [ '/home/ubuntu/devops-demo/node_modules/@tybys/wasm-util' ]
69 verbose reify failed optional dependency /home/ubuntu/devops-demo/node_modules/@unrs/resolver-binding-openharmony-arm64
70 silly reify mark deleted [
70 silly reify   '/home/ubuntu/devops-demo/node_modules/@unrs/resolver-binding-openharmony-arm64'
70 silly reify ]
71 verbose reify failed optional dependency /home/ubuntu/devops-demo/node_modules/@unrs/resolver-binding-linux-s390x-gnu
72 silly reify mark deleted [
72 silly reify   '/home/ubuntu/devops-demo/node_modules/@unrs/resolver-binding-linux-s390x-gnu'
72 silly reify ]
73 verbose reify failed optional dependency /home/ubuntu/devops-demo/node_modules/@unrs/resolver-binding-linux-riscv64-musl
74 silly reify mark deleted [
74 silly reify   '/home/ubuntu/devops-demo/node_modules/@unrs/resolver-binding-linux-riscv64-musl'
74 silly reify ]
75 verbose reify failed optional dependency /home/ubuntu/devops-demo/node_modules/@unrs/resolver-binding-linux-riscv64-gnu
76 silly reify mark deleted [
76 silly reify   '/home/ubuntu/devops-demo/node_modules/@unrs/resolver-binding-linux-riscv64-gnu'
76 silly reify ]
77 verbose reify failed optional dependency /home/ubuntu/devops-demo/node_modules/@unrs/resolver-binding-linux-ppc64-gnu
78 silly reify mark deleted [
78 silly reify   '/home/ubuntu/devops-demo/node_modules/@unrs/resolver-binding-linux-ppc64-gnu'
78 silly reify ]
79 verbose reify failed optional dependency /home/ubuntu/devops-demo/node_modules/@unrs/resolver-binding-linux-loong64-musl
80 silly reify mark deleted [
80 silly reify   '/home/ubuntu/devops-demo/node_modules/@unrs/resolver-binding-linux-loong64-musl'
80 silly reify ]
81 verbose reify failed optional dependency /home/ubuntu/devops-demo/node_modules/@unrs/resolver-binding-linux-loong64-gnu
82 silly reify mark deleted [
82 silly reify   '/home/ubuntu/devops-demo/node_modules/@unrs/resolver-binding-linux-loong64-gnu'
82 silly reify ]
83 verbose reify failed optional dependency /home/ubuntu/devops-demo/node_modules/@unrs/resolver-binding-linux-arm64-musl
84 silly reify mark deleted [
84 silly reify   '/home/ubuntu/devops-demo/node_modules/@unrs/resolver-binding-linux-arm64-musl'
84 silly reify ]
85 verbose reify failed optional dependency /home/ubuntu/devops-demo/node_modules/@unrs/resolver-binding-linux-arm64-gnu
86 silly reify mark deleted [
86 silly reify   '/home/ubuntu/devops-demo/node_modules/@unrs/resolver-binding-linux-arm64-gnu'
86 silly reify ]
87 verbose reify failed optional dependency /home/ubuntu/devops-demo/node_modules/@unrs/resolver-binding-linux-arm-musleabihf
88 silly reify mark deleted [
88 silly reify   '/home/ubuntu/devops-demo/node_modules/@unrs/resolver-binding-linux-arm-musleabihf'
88 silly reify ]
89 verbose reify failed optional dependency /home/ubuntu/devops-demo/node_modules/@unrs/resolver-binding-linux-arm-gnueabihf
90 silly reify mark deleted [
90 silly reify   '/home/ubuntu/devops-demo/node_modules/@unrs/resolver-binding-linux-arm-gnueabihf'
90 silly reify ]
91 verbose reify failed optional dependency /home/ubuntu/devops-demo/node_modules/@unrs/resolver-binding-freebsd-x64
92 silly reify mark deleted [
92 silly reify   '/home/ubuntu/devops-demo/node_modules/@unrs/resolver-binding-freebsd-x64'
92 silly reify ]
93 verbose reify failed optional dependency /home/ubuntu/devops-demo/node_modules/@unrs/resolver-binding-darwin-x64
94 silly reify mark deleted [
94 silly reify   '/home/ubuntu/devops-demo/node_modules/@unrs/resolver-binding-darwin-x64'
94 silly reify ]
95 verbose reify failed optional dependency /home/ubuntu/devops-demo/node_modules/@unrs/resolver-binding-darwin-arm64
96 silly reify mark deleted [
96 silly reify   '/home/ubuntu/devops-demo/node_modules/@unrs/resolver-binding-darwin-arm64'
96 silly reify ]
97 verbose reify failed optional dependency /home/ubuntu/devops-demo/node_modules/@unrs/resolver-binding-android-arm64
98 silly reify mark deleted [
98 silly reify   '/home/ubuntu/devops-demo/node_modules/@unrs/resolver-binding-android-arm64'
98 silly reify ]
99 verbose reify failed optional dependency /home/ubuntu/devops-demo/node_modules/@unrs/resolver-binding-android-arm-eabi
100 silly reify mark deleted [
100 silly reify   '/home/ubuntu/devops-demo/node_modules/@unrs/resolver-binding-android-arm-eabi'
100 silly reify ]
101 verbose reify failed optional dependency /home/ubuntu/devops-demo/node_modules/@parcel/watcher-win32-x64
102 silly reify mark deleted [ '/home/ubuntu/devops-demo/node_modules/@parcel/watcher-win32-x64' ]
103 verbose reify failed optional dependency /home/ubuntu/devops-demo/node_modules/@parcel/watcher-win32-arm64
104 silly reify mark deleted [ '/home/ubuntu/devops-demo/node_modules/@parcel/watcher-win32-arm64' ]
105 verbose reify failed optional dependency /home/ubuntu/devops-demo/node_modules/@parcel/watcher-linux-arm64-musl
106 silly reify mark deleted [
106 silly reify   '/home/ubuntu/devops-demo/node_modules/@parcel/watcher-linux-arm64-musl'
106 silly reify ]
107 verbose reify failed optional dependency /home/ubuntu/devops-demo/node_modules/@parcel/watcher-linux-arm64-glibc
108 silly reify mark deleted [
108 silly reify   '/home/ubuntu/devops-demo/node_modules/@parcel/watcher-linux-arm64-glibc'
108 silly reify ]
109 verbose reify failed optional dependency /home/ubuntu/devops-demo/node_modules/@parcel/watcher-linux-arm-musl
110 silly reify mark deleted [
110 silly reify   '/home/ubuntu/devops-demo/node_modules/@parcel/watcher-linux-arm-musl'
110 silly reify ]
111 verbose reify failed optional dependency /home/ubuntu/devops-demo/node_modules/@parcel/watcher-linux-arm-glibc
112 silly reify mark deleted [
112 silly reify   '/home/ubuntu/devops-demo/node_modules/@parcel/watcher-linux-arm-glibc'
112 silly reify ]
113 verbose reify failed optional dependency /home/ubuntu/devops-demo/node_modules/@parcel/watcher-freebsd-x64
114 silly reify mark deleted [ '/home/ubuntu/devops-demo/node_modules/@parcel/watcher-freebsd-x64' ]
115 verbose reify failed optional dependency /home/ubuntu/devops-demo/node_modules/@parcel/watcher-darwin-x64
116 silly reify mark deleted [ '/home/ubuntu/devops-demo/node_modules/@parcel/watcher-darwin-x64' ]
117 verbose reify failed optional dependency /home/ubuntu/devops-demo/node_modules/@parcel/watcher-darwin-arm64
118 silly reify mark deleted [
118 silly reify   '/home/ubuntu/devops-demo/node_modules/@parcel/watcher-darwin-arm64'
118 silly reify ]
119 verbose reify failed optional dependency /home/ubuntu/devops-demo/node_modules/@parcel/watcher-android-arm64
120 silly reify mark deleted [
120 silly reify   '/home/ubuntu/devops-demo/node_modules/@parcel/watcher-android-arm64'
120 silly reify ]
121 timing reifyNode:node_modules/@unrs/resolver-binding-win32-x64-msvc Completed in 88ms
122 timing reifyNode:node_modules/@unrs/resolver-binding-win32-ia32-msvc Completed in 88ms
123 timing reifyNode:node_modules/@unrs/resolver-binding-win32-arm64-msvc Completed in 88ms
124 timing reifyNode:node_modules/@unrs/resolver-binding-wasm32-wasi Completed in 88ms
125 timing reifyNode:node_modules/@unrs/resolver-binding-openharmony-arm64 Completed in 88ms
126 timing reifyNode:node_modules/@unrs/resolver-binding-linux-s390x-gnu Completed in 88ms
127 timing reifyNode:node_modules/@unrs/resolver-binding-linux-riscv64-musl Completed in 89ms
128 timing reifyNode:node_modules/@unrs/resolver-binding-linux-riscv64-gnu Completed in 89ms
129 timing reifyNode:node_modules/@unrs/resolver-binding-linux-ppc64-gnu Completed in 89ms
130 timing reifyNode:node_modules/@unrs/resolver-binding-linux-loong64-musl Completed in 89ms
131 timing reifyNode:node_modules/@unrs/resolver-binding-linux-loong64-gnu Completed in 89ms
132 timing reifyNode:node_modules/@unrs/resolver-binding-linux-arm64-musl Completed in 89ms
133 timing reifyNode:node_modules/@unrs/resolver-binding-linux-arm64-gnu Completed in 90ms
134 timing reifyNode:node_modules/@unrs/resolver-binding-linux-arm-musleabihf Completed in 90ms
135 timing reifyNode:node_modules/@unrs/resolver-binding-linux-arm-gnueabihf Completed in 90ms
136 timing reifyNode:node_modules/@unrs/resolver-binding-freebsd-x64 Completed in 90ms
137 timing reifyNode:node_modules/@unrs/resolver-binding-darwin-x64 Completed in 90ms
138 timing reifyNode:node_modules/@unrs/resolver-binding-darwin-arm64 Completed in 90ms
139 timing reifyNode:node_modules/@unrs/resolver-binding-android-arm64 Completed in 90ms
140 timing reifyNode:node_modules/@unrs/resolver-binding-android-arm-eabi Completed in 91ms
141 timing reifyNode:node_modules/@parcel/watcher-win32-x64 Completed in 89ms
142 timing reifyNode:node_modules/@parcel/watcher-win32-arm64 Completed in 89ms
143 timing reifyNode:node_modules/@parcel/watcher-linux-arm64-musl Completed in 89ms
144 timing reifyNode:node_modules/@parcel/watcher-linux-arm64-glibc Completed in 89ms
145 timing reifyNode:node_modules/@parcel/watcher-linux-arm-musl Completed in 89ms
146 timing reifyNode:node_modules/@parcel/watcher-linux-arm-glibc Completed in 89ms
147 timing reifyNode:node_modules/@parcel/watcher-freebsd-x64 Completed in 90ms
148 timing reifyNode:node_modules/@parcel/watcher-darwin-x64 Completed in 90ms
149 timing reifyNode:node_modules/@parcel/watcher-darwin-arm64 Completed in 90ms
150 timing reifyNode:node_modules/@parcel/watcher-android-arm64 Completed in 90ms
151 silly tarball no local data for yocto-queue@https://registry.npmjs.org/yocto-queue/-/yocto-queue-0.1.0.tgz. Extracting by manifest.
152 silly tarball no local data for yargs-parser@https://registry.npmjs.org/yargs-parser/-/yargs-parser-21.1.1.tgz. Extracting by manifest.
153 silly tarball no local data for yargs@https://registry.npmjs.org/yargs/-/yargs-17.7.3.tgz. Extracting by manifest.
154 silly tarball no local data for yallist@https://registry.npmjs.org/yallist/-/yallist-3.1.1.tgz. Extracting by manifest.
155 silly tarball no local data for y18n@https://registry.npmjs.org/y18n/-/y18n-5.0.8.tgz. Extracting by manifest.
156 silly tarball no local data for write-file-atomic@https://registry.npmjs.org/write-file-atomic/-/write-file-atomic-5.0.1.tgz. Extracting by manifest.
157 silly tarball no local data for wrappy@https://registry.npmjs.org/wrappy/-/wrappy-1.0.2.tgz. Extracting by manifest.
158 silly tarball no local data for wrap-ansi-cjs@https://registry.npmjs.org/wrap-ansi/-/wrap-ansi-7.0.0.tgz. Extracting by manifest.
159 silly tarball no local data for wrap-ansi@https://registry.npmjs.org/wrap-ansi/-/wrap-ansi-7.0.0.tgz. Extracting by manifest.
160 silly tarball no local data for which@https://registry.npmjs.org/which/-/which-2.0.2.tgz. Extracting by manifest.
161 silly tarball no local data for vary@https://registry.npmjs.org/vary/-/vary-1.1.2.tgz. Extracting by manifest.
162 silly tarball no local data for v8-to-istanbul@https://registry.npmjs.org/v8-to-istanbul/-/v8-to-istanbul-9.3.0.tgz. Extracting by manifest.
163 silly tarball no local data for update-browserslist-db@https://registry.npmjs.org/update-browserslist-db/-/update-browserslist-db-1.3.2.tgz. Extracting by manifest.
164 silly tarball no local data for unrs-resolver@https://registry.npmjs.org/unrs-resolver/-/unrs-resolver-1.12.2.tgz. Extracting by manifest.
165 silly tarball no local data for unpipe@https://registry.npmjs.org/unpipe/-/unpipe-1.0.0.tgz. Extracting by manifest.
166 silly tarball no local data for undici-types@https://registry.npmjs.org/undici-types/-/undici-types-8.3.0.tgz. Extracting by manifest.
167 silly tarball no local data for type-is@https://registry.npmjs.org/type-is/-/type-is-2.1.0.tgz. Extracting by manifest.
168 silly tarball no local data for type-fest@https://registry.npmjs.org/type-fest/-/type-fest-0.21.3.tgz. Extracting by manifest.
169 silly tarball no local data for type-detect@https://registry.npmjs.org/type-detect/-/type-detect-4.0.8.tgz. Extracting by manifest.
170 silly tarball no local data for tslib@https://registry.npmjs.org/tslib/-/tslib-2.8.1.tgz. Extracting by manifest.
171 silly tarball no local data for toidentifier@https://registry.npmjs.org/toidentifier/-/toidentifier-1.0.1.tgz. Extracting by manifest.
172 silly tarball no local data for test-exclude@https://registry.npmjs.org/test-exclude/-/test-exclude-7.0.2.tgz. Extracting by manifest.
173 silly tarball no local data for synckit@https://registry.npmjs.org/synckit/-/synckit-0.11.13.tgz. Extracting by manifest.
174 silly tarball no local data for supports-color@https://registry.npmjs.org/supports-color/-/supports-color-7.2.0.tgz. Extracting by manifest.
175 silly tarball no local data for strip-json-comments@https://registry.npmjs.org/strip-json-comments/-/strip-json-comments-3.1.1.tgz. Extracting by manifest.
176 silly tarball no local data for strip-final-newline@https://registry.npmjs.org/strip-final-newline/-/strip-final-newline-2.0.0.tgz. Extracting by manifest.
177 silly tarball no local data for strip-bom@https://registry.npmjs.org/strip-bom/-/strip-bom-4.0.0.tgz. Extracting by manifest.
178 silly tarball no local data for strip-ansi-cjs@https://registry.npmjs.org/strip-ansi/-/strip-ansi-6.0.1.tgz. Extracting by manifest.
179 silly tarball no local data for strip-ansi@https://registry.npmjs.org/strip-ansi/-/strip-ansi-6.0.1.tgz. Extracting by manifest.
180 silly tarball no local data for string-width-cjs@https://registry.npmjs.org/string-width/-/string-width-4.2.3.tgz. Extracting by manifest.
181 silly tarball no local data for string-width@https://registry.npmjs.org/string-width/-/string-width-4.2.3.tgz. Extracting by manifest.
182 silly tarball no local data for string-length@https://registry.npmjs.org/string-length/-/string-length-4.0.2.tgz. Extracting by manifest.
183 silly tarball no local data for statuses@https://registry.npmjs.org/statuses/-/statuses-2.0.2.tgz. Extracting by manifest.
184 silly tarball no local data for stack-utils@https://registry.npmjs.org/stack-utils/-/stack-utils-2.0.6.tgz. Extracting by manifest.
185 silly tarball no local data for sprintf-js@https://registry.npmjs.org/sprintf-js/-/sprintf-js-1.0.3.tgz. Extracting by manifest.
186 silly tarball no local data for slash@https://registry.npmjs.org/slash/-/slash-3.0.0.tgz. Extracting by manifest.
187 silly tarball no local data for signal-exit@https://registry.npmjs.org/signal-exit/-/signal-exit-3.0.7.tgz. Extracting by manifest.
188 silly tarball no local data for side-channel-weakmap@https://registry.npmjs.org/side-channel-weakmap/-/side-channel-weakmap-1.0.2.tgz. Extracting by manifest.
189 silly tarball no local data for side-channel-map@https://registry.npmjs.org/side-channel-map/-/side-channel-map-1.0.1.tgz. Extracting by manifest.
190 silly tarball no local data for side-channel-list@https://registry.npmjs.org/side-channel-list/-/side-channel-list-1.0.1.tgz. Extracting by manifest.
191 silly tarball no local data for side-channel@https://registry.npmjs.org/side-channel/-/side-channel-1.1.1.tgz. Extracting by manifest.
192 silly tarball no local data for shebang-regex@https://registry.npmjs.org/shebang-regex/-/shebang-regex-3.0.0.tgz. Extracting by manifest.
193 silly tarball no local data for shebang-command@https://registry.npmjs.org/shebang-command/-/shebang-command-2.0.0.tgz. Extracting by manifest.
194 silly tarball no local data for setprototypeof@https://registry.npmjs.org/setprototypeof/-/setprototypeof-1.2.0.tgz. Extracting by manifest.
195 silly tarball no local data for serve-static@https://registry.npmjs.org/serve-static/-/serve-static-2.2.0.tgz. Extracting by manifest.
196 silly tarball no local data for send@https://registry.npmjs.org/send/-/send-1.2.0.tgz. Extracting by manifest.
197 silly tarball no local data for semver@https://registry.npmjs.org/semver/-/semver-6.3.1.tgz. Extracting by manifest.
198 silly tarball no local data for safer-buffer@https://registry.npmjs.org/safer-buffer/-/safer-buffer-2.1.2.tgz. Extracting by manifest.
199 silly tarball no local data for safe-buffer@https://registry.npmjs.org/safe-buffer/-/safe-buffer-5.2.1.tgz. Extracting by manifest.
200 silly tarball no local data for router@https://registry.npmjs.org/router/-/router-2.2.0.tgz. Extracting by manifest.
201 silly tarball no local data for resolve-from@https://registry.npmjs.org/resolve-from/-/resolve-from-5.0.0.tgz. Extracting by manifest.
202 silly tarball no local data for resolve-cwd@https://registry.npmjs.org/resolve-cwd/-/resolve-cwd-3.0.0.tgz. Extracting by manifest.
203 silly tarball no local data for require-directory@https://registry.npmjs.org/require-directory/-/require-directory-2.1.1.tgz. Extracting by manifest.
204 silly tarball no local data for raw-body@https://registry.npmjs.org/raw-body/-/raw-body-3.0.2.tgz. Extracting by manifest.
205 silly tarball no local data for range-parser@https://registry.npmjs.org/range-parser/-/range-parser-1.2.1.tgz. Extracting by manifest.
206 silly tarball no local data for qs@https://registry.npmjs.org/qs/-/qs-6.16.0.tgz. Extracting by manifest.
207 silly tarball no local data for pure-rand@https://registry.npmjs.org/pure-rand/-/pure-rand-7.0.1.tgz. Extracting by manifest.
208 silly tarball no local data for proxy-addr@https://registry.npmjs.org/proxy-addr/-/proxy-addr-2.0.7.tgz. Extracting by manifest.
209 silly tarball no local data for pretty-format@https://registry.npmjs.org/pretty-format/-/pretty-format-30.5.0.tgz. Extracting by manifest.
210 silly tarball no local data for pkg-dir@https://registry.npmjs.org/pkg-dir/-/pkg-dir-4.2.0.tgz. Extracting by manifest.
211 silly tarball no local data for pirates@https://registry.npmjs.org/pirates/-/pirates-4.0.7.tgz. Extracting by manifest.
212 silly tarball no local data for picomatch@https://registry.npmjs.org/picomatch/-/picomatch-4.0.7.tgz. Extracting by manifest.
213 silly tarball no local data for picocolors@https://registry.npmjs.org/picocolors/-/picocolors-1.1.1.tgz. Extracting by manifest.
214 silly tarball no local data for path-to-regexp@https://registry.npmjs.org/path-to-regexp/-/path-to-regexp-8.4.0.tgz. Extracting by manifest.
215 silly tarball no local data for path-scurry@https://registry.npmjs.org/path-scurry/-/path-scurry-2.0.2.tgz. Extracting by manifest.
216 silly tarball no local data for path-key@https://registry.npmjs.org/path-key/-/path-key-3.1.1.tgz. Extracting by manifest.
217 silly tarball no local data for path-exists@https://registry.npmjs.org/path-exists/-/path-exists-4.0.0.tgz. Extracting by manifest.
218 silly tarball no local data for parseurl@https://registry.npmjs.org/parseurl/-/parseurl-1.3.3.tgz. Extracting by manifest.
219 silly tarball no local data for parse-json@https://registry.npmjs.org/parse-json/-/parse-json-5.2.0.tgz. Extracting by manifest.
220 silly tarball no local data for package-json-from-dist@https://registry.npmjs.org/package-json-from-dist/-/package-json-from-dist-1.0.1.tgz. Extracting by manifest.
221 silly tarball no local data for p-try@https://registry.npmjs.org/p-try/-/p-try-2.2.0.tgz. Extracting by manifest.
222 silly tarball no local data for p-locate@https://registry.npmjs.org/p-locate/-/p-locate-4.1.0.tgz. Extracting by manifest.
223 silly tarball no local data for p-limit@https://registry.npmjs.org/p-limit/-/p-limit-3.1.0.tgz. Extracting by manifest.
224 silly tarball no local data for onetime@https://registry.npmjs.org/onetime/-/onetime-5.1.2.tgz. Extracting by manifest.
225 silly tarball no local data for once@https://registry.npmjs.org/once/-/once-1.4.0.tgz. Extracting by manifest.
226 silly tarball no local data for on-finished@https://registry.npmjs.org/on-finished/-/on-finished-2.4.1.tgz. Extracting by manifest.
227 silly tarball no local data for object-inspect@https://registry.npmjs.org/object-inspect/-/object-inspect-1.13.4.tgz. Extracting by manifest.
228 silly tarball no local data for npm-run-path@https://registry.npmjs.org/npm-run-path/-/npm-run-path-4.0.1.tgz. Extracting by manifest.
229 silly tarball no local data for normalize-path@https://registry.npmjs.org/normalize-path/-/normalize-path-3.0.0.tgz. Extracting by manifest.
230 silly tarball no local data for node-releases@https://registry.npmjs.org/node-releases/-/node-releases-2.0.54.tgz. Extracting by manifest.
231 silly tarball no local data for node-addon-api@https://registry.npmjs.org/node-addon-api/-/node-addon-api-7.1.1.tgz. Extracting by manifest.
232 silly tarball no local data for node-int64@https://registry.npmjs.org/node-int64/-/node-int64-0.4.0.tgz. Extracting by manifest.
233 silly tarball no local data for negotiator@https://registry.npmjs.org/negotiator/-/negotiator-1.0.0.tgz. Extracting by manifest.
234 silly tarball no local data for natural-compare@https://registry.npmjs.org/natural-compare/-/natural-compare-1.4.0.tgz. Extracting by manifest.
235 silly tarball no local data for napi-postinstall@https://registry.npmjs.org/napi-postinstall/-/napi-postinstall-0.3.4.tgz. Extracting by manifest.
236 silly tarball no local data for ms@https://registry.npmjs.org/ms/-/ms-2.1.3.tgz. Extracting by manifest.
237 silly tarball no local data for minipass@https://registry.npmjs.org/minipass/-/minipass-7.1.3.tgz. Extracting by manifest.
238 silly tarball no local data for minimatch@https://registry.npmjs.org/minimatch/-/minimatch-10.2.6.tgz. Extracting by manifest.
239 silly tarball no local data for mimic-fn@https://registry.npmjs.org/mimic-fn/-/mimic-fn-2.1.0.tgz. Extracting by manifest.
240 silly tarball no local data for mime-types@https://registry.npmjs.org/mime-types/-/mime-types-3.0.1.tgz. Extracting by manifest.
241 silly tarball no local data for mime-db@https://registry.npmjs.org/mime-db/-/mime-db-1.54.0.tgz. Extracting by manifest.
242 silly tarball no local data for merge-stream@https://registry.npmjs.org/merge-stream/-/merge-stream-2.0.0.tgz. Extracting by manifest.
243 silly tarball no local data for merge-descriptors@https://registry.npmjs.org/merge-descriptors/-/merge-descriptors-2.0.0.tgz. Extracting by manifest.
244 silly tarball no local data for media-typer@https://registry.npmjs.org/media-typer/-/media-typer-1.1.0.tgz. Extracting by manifest.
245 silly tarball no local data for math-intrinsics@https://registry.npmjs.org/math-intrinsics/-/math-intrinsics-1.1.0.tgz. Extracting by manifest.
246 silly tarball no local data for make-dir@https://registry.npmjs.org/make-dir/-/make-dir-4.0.0.tgz. Extracting by manifest.
247 silly tarball no local data for lru-cache@https://registry.npmjs.org/lru-cache/-/lru-cache-5.1.1.tgz. Extracting by manifest.
248 silly tarball no local data for locate-path@https://registry.npmjs.org/locate-path/-/locate-path-5.0.0.tgz. Extracting by manifest.
249 silly tarball no local data for lines-and-columns@https://registry.npmjs.org/lines-and-columns/-/lines-and-columns-1.2.4.tgz. Extracting by manifest.
250 silly tarball no local data for leven@https://registry.npmjs.org/leven/-/leven-3.1.0.tgz. Extracting by manifest.
251 silly tarball no local data for json5@https://registry.npmjs.org/json5/-/json5-2.2.3.tgz. Extracting by manifest.
252 silly tarball no local data for json-parse-even-better-errors@https://registry.npmjs.org/json-parse-even-better-errors/-/json-parse-even-better-errors-2.3.1.tgz. Extracting by manifest.
253 silly tarball no local data for jsesc@https://registry.npmjs.org/jsesc/-/jsesc-3.1.0.tgz. Extracting by manifest.
254 silly tarball no local data for js-yaml@https://registry.npmjs.org/js-yaml/-/js-yaml-3.15.2.tgz. Extracting by manifest.
255 silly tarball no local data for js-tokens@https://registry.npmjs.org/js-tokens/-/js-tokens-4.0.0.tgz. Extracting by manifest.
256 silly tarball no local data for jest-worker@https://registry.npmjs.org/jest-worker/-/jest-worker-30.5.0.tgz. Extracting by manifest.
257 silly tarball no local data for jest-watcher@https://registry.npmjs.org/jest-watcher/-/jest-watcher-30.5.0.tgz. Extracting by manifest.
258 silly tarball no local data for jest-validate@https://registry.npmjs.org/jest-validate/-/jest-validate-30.5.0.tgz. Extracting by manifest.
259 silly tarball no local data for jest-util@https://registry.npmjs.org/jest-util/-/jest-util-30.5.0.tgz. Extracting by manifest.
260 silly tarball no local data for jest-snapshot@https://registry.npmjs.org/jest-snapshot/-/jest-snapshot-30.5.0.tgz. Extracting by manifest.
261 silly tarball no local data for jest-runtime@https://registry.npmjs.org/jest-runtime/-/jest-runtime-30.5.0.tgz. Extracting by manifest.
262 silly tarball no local data for jest-runner@https://registry.npmjs.org/jest-runner/-/jest-runner-30.5.0.tgz. Extracting by manifest.
263 silly tarball no local data for jest-resolve-dependencies@https://registry.npmjs.org/jest-resolve-dependencies/-/jest-resolve-dependencies-30.5.0.tgz. Extracting by manifest.
264 silly tarball no local data for jest-resolve@https://registry.npmjs.org/jest-resolve/-/jest-resolve-30.5.0.tgz. Extracting by manifest.
265 silly tarball no local data for jest-regex-util@https://registry.npmjs.org/jest-regex-util/-/jest-regex-util-30.5.0.tgz. Extracting by manifest.
266 silly tarball no local data for jest-mock@https://registry.npmjs.org/jest-mock/-/jest-mock-30.5.0.tgz. Extracting by manifest.
267 silly tarball no local data for jest-message-util@https://registry.npmjs.org/jest-message-util/-/jest-message-util-30.5.0.tgz. Extracting by manifest.
268 silly tarball no local data for jest-matcher-utils@https://registry.npmjs.org/jest-matcher-utils/-/jest-matcher-utils-30.5.0.tgz. Extracting by manifest.
269 silly tarball no local data for jest-leak-detector@https://registry.npmjs.org/jest-leak-detector/-/jest-leak-detector-30.5.0.tgz. Extracting by manifest.
270 silly tarball no local data for jest-haste-map@https://registry.npmjs.org/jest-haste-map/-/jest-haste-map-30.5.0.tgz. Extracting by manifest.
271 silly tarball no local data for jest-environment-node@https://registry.npmjs.org/jest-environment-node/-/jest-environment-node-30.5.0.tgz. Extracting by manifest.
272 silly tarball no local data for jest-each@https://registry.npmjs.org/jest-each/-/jest-each-30.5.0.tgz. Extracting by manifest.
273 silly tarball no local data for jest-docblock@https://registry.npmjs.org/jest-docblock/-/jest-docblock-30.5.0.tgz. Extracting by manifest.
274 silly tarball no local data for jest-diff@https://registry.npmjs.org/jest-diff/-/jest-diff-30.5.0.tgz. Extracting by manifest.
275 silly tarball no local data for jest-config@https://registry.npmjs.org/jest-config/-/jest-config-30.5.0.tgz. Extracting by manifest.
276 silly tarball no local data for jest-cli@https://registry.npmjs.org/jest-cli/-/jest-cli-30.5.0.tgz. Extracting by manifest.
277 silly tarball no local data for jest-circus@https://registry.npmjs.org/jest-circus/-/jest-circus-30.5.0.tgz. Extracting by manifest.
278 silly tarball no local data for jest-changed-files@https://registry.npmjs.org/jest-changed-files/-/jest-changed-files-30.5.0.tgz. Extracting by manifest.
279 silly tarball no local data for jest@https://registry.npmjs.org/jest/-/jest-30.5.0.tgz. Extracting by manifest.
280 silly tarball no local data for jackspeak@https://registry.npmjs.org/jackspeak/-/jackspeak-3.4.3.tgz. Extracting by manifest.
281 silly tarball no local data for istanbul-reports@https://registry.npmjs.org/istanbul-reports/-/istanbul-reports-3.2.0.tgz. Extracting by manifest.
282 silly tarball no local data for istanbul-lib-source-maps@https://registry.npmjs.org/istanbul-lib-source-maps/-/istanbul-lib-source-maps-5.0.6.tgz. Extracting by manifest.
283 silly tarball no local data for istanbul-lib-report@https://registry.npmjs.org/istanbul-lib-report/-/istanbul-lib-report-3.0.1.tgz. Extracting by manifest.
284 silly tarball no local data for istanbul-lib-instrument@https://registry.npmjs.org/istanbul-lib-instrument/-/istanbul-lib-instrument-6.0.3.tgz. Extracting by manifest.
285 silly tarball no local data for istanbul-lib-coverage@https://registry.npmjs.org/istanbul-lib-coverage/-/istanbul-lib-coverage-3.2.2.tgz. Extracting by manifest.
286 silly tarball no local data for isexe@https://registry.npmjs.org/isexe/-/isexe-2.0.0.tgz. Extracting by manifest.
287 silly tarball no local data for is-stream@https://registry.npmjs.org/is-stream/-/is-stream-2.0.1.tgz. Extracting by manifest.
288 silly tarball no local data for is-promise@https://registry.npmjs.org/is-promise/-/is-promise-4.0.0.tgz. Extracting by manifest.
289 silly tarball no local data for is-glob@https://registry.npmjs.org/is-glob/-/is-glob-4.0.3.tgz. Extracting by manifest.
290 silly tarball no local data for is-generator-fn@https://registry.npmjs.org/is-generator-fn/-/is-generator-fn-2.1.0.tgz. Extracting by manifest.
291 silly tarball no local data for is-fullwidth-code-point@https://registry.npmjs.org/is-fullwidth-code-point/-/is-fullwidth-code-point-3.0.0.tgz. Extracting by manifest.
292 silly tarball no local data for is-extglob@https://registry.npmjs.org/is-extglob/-/is-extglob-2.1.1.tgz. Extracting by manifest.
293 silly tarball no local data for is-arrayish@https://registry.npmjs.org/is-arrayish/-/is-arrayish-0.2.1.tgz. Extracting by manifest.
294 silly tarball no local data for ipaddr.js@https://registry.npmjs.org/ipaddr.js/-/ipaddr.js-1.9.1.tgz. Extracting by manifest.
295 silly tarball no local data for inherits@https://registry.npmjs.org/inherits/-/inherits-2.0.4.tgz. Extracting by manifest.
296 silly tarball no local data for imurmurhash@https://registry.npmjs.org/imurmurhash/-/imurmurhash-0.1.4.tgz. Extracting by manifest.
297 silly tarball no local data for import-local@https://registry.npmjs.org/import-local/-/import-local-3.2.0.tgz. Extracting by manifest.
298 silly tarball no local data for iconv-lite@https://registry.npmjs.org/iconv-lite/-/iconv-lite-0.7.3.tgz. Extracting by manifest.
299 silly tarball no local data for human-signals@https://registry.npmjs.org/human-signals/-/human-signals-2.1.0.tgz. Extracting by manifest.
300 silly tarball no local data for http-errors@https://registry.npmjs.org/http-errors/-/http-errors-2.0.1.tgz. Extracting by manifest.
301 silly tarball no local data for html-escaper@https://registry.npmjs.org/html-escaper/-/html-escaper-2.0.2.tgz. Extracting by manifest.
302 silly tarball no local data for hasown@https://registry.npmjs.org/hasown/-/hasown-2.0.4.tgz. Extracting by manifest.
303 silly tarball no local data for has-symbols@https://registry.npmjs.org/has-symbols/-/has-symbols-1.1.0.tgz. Extracting by manifest.
304 silly tarball no local data for has-flag@https://registry.npmjs.org/has-flag/-/has-flag-4.0.0.tgz. Extracting by manifest.
305 silly tarball no local data for graceful-fs@https://registry.npmjs.org/graceful-fs/-/graceful-fs-4.2.11.tgz. Extracting by manifest.
306 silly tarball no local data for gopd@https://registry.npmjs.org/gopd/-/gopd-1.2.0.tgz. Extracting by manifest.
307 silly tarball no local data for glob@https://registry.npmjs.org/glob/-/glob-13.0.6.tgz. Extracting by manifest.
308 silly tarball no local data for get-stream@https://registry.npmjs.org/get-stream/-/get-stream-6.0.1.tgz. Extracting by manifest.
309 silly tarball no local data for get-proto@https://registry.npmjs.org/get-proto/-/get-proto-1.0.1.tgz. Extracting by manifest.
310 silly tarball no local data for get-package-type@https://registry.npmjs.org/get-package-type/-/get-package-type-0.1.0.tgz. Extracting by manifest.
311 silly tarball no local data for get-intrinsic@https://registry.npmjs.org/get-intrinsic/-/get-intrinsic-1.3.0.tgz. Extracting by manifest.
312 silly tarball no local data for get-caller-file@https://registry.npmjs.org/get-caller-file/-/get-caller-file-2.0.5.tgz. Extracting by manifest.
313 silly tarball no local data for gensync@https://registry.npmjs.org/gensync/-/gensync-1.0.0-beta.2.tgz. Extracting by manifest.
314 silly tarball no local data for function-bind@https://registry.npmjs.org/function-bind/-/function-bind-1.1.2.tgz. Extracting by manifest.
315 silly tarball no local data for fresh@https://registry.npmjs.org/fresh/-/fresh-2.0.0.tgz. Extracting by manifest.
316 silly tarball no local data for forwarded@https://registry.npmjs.org/forwarded/-/forwarded-0.2.0.tgz. Extracting by manifest.
317 silly tarball no local data for foreground-child@https://registry.npmjs.org/foreground-child/-/foreground-child-3.3.1.tgz. Extracting by manifest.
318 silly tarball no local data for find-up@https://registry.npmjs.org/find-up/-/find-up-4.1.0.tgz. Extracting by manifest.
319 silly tarball no local data for finalhandler@https://registry.npmjs.org/finalhandler/-/finalhandler-2.1.0.tgz. Extracting by manifest.
320 silly tarball no local data for fdir@https://registry.npmjs.org/fdir/-/fdir-6.5.0.tgz. Extracting by manifest.
321 silly tarball no local data for fb-watchman@https://registry.npmjs.org/fb-watchman/-/fb-watchman-2.0.2.tgz. Extracting by manifest.
322 silly tarball no local data for fast-json-stable-stringify@https://registry.npmjs.org/fast-json-stable-stringify/-/fast-json-stable-stringify-2.1.0.tgz. Extracting by manifest.
323 silly tarball no local data for express@https://registry.npmjs.org/express/-/express-5.2.1.tgz. Extracting by manifest.
324 silly tarball no local data for expect@https://registry.npmjs.org/expect/-/expect-30.5.0.tgz. Extracting by manifest.
325 silly tarball no local data for exit-x@https://registry.npmjs.org/exit-x/-/exit-x-0.2.2.tgz. Extracting by manifest.
326 silly tarball no local data for execa@https://registry.npmjs.org/execa/-/execa-5.1.1.tgz. Extracting by manifest.
327 silly tarball no local data for etag@https://registry.npmjs.org/etag/-/etag-1.8.1.tgz. Extracting by manifest.
328 silly tarball no local data for esprima@https://registry.npmjs.org/esprima/-/esprima-4.0.1.tgz. Extracting by manifest.
329 silly tarball no local data for escape-string-regexp@https://registry.npmjs.org/escape-string-regexp/-/escape-string-regexp-2.0.0.tgz. Extracting by manifest.
330 silly tarball no local data for escape-html@https://registry.npmjs.org/escape-html/-/escape-html-1.0.3.tgz. Extracting by manifest.
331 silly tarball no local data for escalade@https://registry.npmjs.org/escalade/-/escalade-3.2.0.tgz. Extracting by manifest.
332 silly tarball no local data for es-object-atoms@https://registry.npmjs.org/es-object-atoms/-/es-object-atoms-1.1.2.tgz. Extracting by manifest.
333 silly tarball no local data for es-module-lexer@https://registry.npmjs.org/es-module-lexer/-/es-module-lexer-2.3.2.tgz. Extracting by manifest.
334 silly tarball no local data for es-errors@https://registry.npmjs.org/es-errors/-/es-errors-1.3.0.tgz. Extracting by manifest.
335 silly tarball no local data for es-define-property@https://registry.npmjs.org/es-define-property/-/es-define-property-1.0.1.tgz. Extracting by manifest.
336 silly tarball no local data for error-ex@https://registry.npmjs.org/error-ex/-/error-ex-1.3.4.tgz. Extracting by manifest.
337 silly tarball no local data for encodeurl@https://registry.npmjs.org/encodeurl/-/encodeurl-2.0.0.tgz. Extracting by manifest.
338 silly tarball no local data for emoji-regex@https://registry.npmjs.org/emoji-regex/-/emoji-regex-8.0.0.tgz. Extracting by manifest.
339 silly tarball no local data for emittery@https://registry.npmjs.org/emittery/-/emittery-0.13.1.tgz. Extracting by manifest.
340 silly tarball no local data for electron-to-chromium@https://registry.npmjs.org/electron-to-chromium/-/electron-to-chromium-1.5.416.tgz. Extracting by manifest.
341 silly tarball no local data for ejs@https://registry.npmjs.org/ejs/-/ejs-6.0.1.tgz. Extracting by manifest.
342 silly tarball no local data for ee-first@https://registry.npmjs.org/ee-first/-/ee-first-1.1.1.tgz. Extracting by manifest.
343 silly tarball no local data for eastasianwidth@https://registry.npmjs.org/eastasianwidth/-/eastasianwidth-0.2.0.tgz. Extracting by manifest.
344 silly tarball no local data for dunder-proto@https://registry.npmjs.org/dunder-proto/-/dunder-proto-1.0.1.tgz. Extracting by manifest.
345 silly tarball no local data for detect-newline@https://registry.npmjs.org/detect-newline/-/detect-newline-3.1.0.tgz. Extracting by manifest.
346 silly tarball no local data for detect-libc@https://registry.npmjs.org/detect-libc/-/detect-libc-2.1.2.tgz. Extracting by manifest.
347 silly tarball no local data for depd@https://registry.npmjs.org/depd/-/depd-2.0.0.tgz. Extracting by manifest.
348 silly tarball no local data for deepmerge@https://registry.npmjs.org/deepmerge/-/deepmerge-4.3.1.tgz. Extracting by manifest.
349 silly tarball no local data for dedent@https://registry.npmjs.org/dedent/-/dedent-1.7.2.tgz. Extracting by manifest.
350 silly tarball no local data for debug@https://registry.npmjs.org/debug/-/debug-4.4.3.tgz. Extracting by manifest.
351 silly tarball no local data for cross-spawn@https://registry.npmjs.org/cross-spawn/-/cross-spawn-7.0.6.tgz. Extracting by manifest.
352 silly tarball no local data for cookie-signature@https://registry.npmjs.org/cookie-signature/-/cookie-signature-1.2.2.tgz. Extracting by manifest.
353 silly tarball no local data for cookie@https://registry.npmjs.org/cookie/-/cookie-0.7.1.tgz. Extracting by manifest.
354 silly tarball no local data for convert-source-map@https://registry.npmjs.org/convert-source-map/-/convert-source-map-2.0.0.tgz. Extracting by manifest.
355 silly tarball no local data for content-type@https://registry.npmjs.org/content-type/-/content-type-1.0.5.tgz. Extracting by manifest.
356 silly tarball no local data for content-disposition@https://registry.npmjs.org/content-disposition/-/content-disposition-1.0.0.tgz. Extracting by manifest.
357 silly tarball no local data for color-name@https://registry.npmjs.org/color-name/-/color-name-1.1.4.tgz. Extracting by manifest.
358 silly tarball no local data for color-convert@https://registry.npmjs.org/color-convert/-/color-convert-2.0.1.tgz. Extracting by manifest.
359 silly tarball no local data for collect-v8-coverage@https://registry.npmjs.org/collect-v8-coverage/-/collect-v8-coverage-1.0.3.tgz. Extracting by manifest.
360 silly tarball no local data for co@https://registry.npmjs.org/co/-/co-4.6.0.tgz. Extracting by manifest.
361 silly tarball no local data for cliui@https://registry.npmjs.org/cliui/-/cliui-8.0.1.tgz. Extracting by manifest.
362 silly tarball no local data for cjs-module-lexer@https://registry.npmjs.org/cjs-module-lexer/-/cjs-module-lexer-2.2.1.tgz. Extracting by manifest.
363 silly tarball no local data for ci-info@https://registry.npmjs.org/ci-info/-/ci-info-4.4.0.tgz. Extracting by manifest.
364 silly tarball no local data for char-regex@https://registry.npmjs.org/char-regex/-/char-regex-1.0.2.tgz. Extracting by manifest.
365 silly tarball no local data for chalk@https://registry.npmjs.org/chalk/-/chalk-4.1.2.tgz. Extracting by manifest.
366 silly tarball no local data for caniuse-lite@https://registry.npmjs.org/caniuse-lite/-/caniuse-lite-1.0.30001810.tgz. Extracting by manifest.
367 silly tarball no local data for camelcase@https://registry.npmjs.org/camelcase/-/camelcase-5.3.1.tgz. Extracting by manifest.
368 silly tarball no local data for callsites@https://registry.npmjs.org/callsites/-/callsites-3.1.0.tgz. Extracting by manifest.
369 silly tarball no local data for call-bound@https://registry.npmjs.org/call-bound/-/call-bound-1.0.4.tgz. Extracting by manifest.
370 silly tarball no local data for call-bind-apply-helpers@https://registry.npmjs.org/call-bind-apply-helpers/-/call-bind-apply-helpers-1.0.2.tgz. Extracting by manifest.
371 silly tarball no local data for bytes@https://registry.npmjs.org/bytes/-/bytes-3.1.2.tgz. Extracting by manifest.
372 silly tarball no local data for bser@https://registry.npmjs.org/bser/-/bser-2.1.1.tgz. Extracting by manifest.
373 silly tarball no local data for browserslist@https://registry.npmjs.org/browserslist/-/browserslist-4.28.8.tgz. Extracting by manifest.
374 silly tarball no local data for brace-expansion@https://registry.npmjs.org/brace-expansion/-/brace-expansion-5.0.9.tgz. Extracting by manifest.
375 silly tarball no local data for body-parser@https://registry.npmjs.org/body-parser/-/body-parser-2.3.0.tgz. Extracting by manifest.
376 silly tarball no local data for baseline-browser-mapping@https://registry.npmjs.org/baseline-browser-mapping/-/baseline-browser-mapping-2.11.20.tgz. Extracting by manifest.
377 silly tarball no local data for balanced-match@https://registry.npmjs.org/balanced-match/-/balanced-match-4.0.4.tgz. Extracting by manifest.
378 silly tarball no local data for babel-preset-jest@https://registry.npmjs.org/babel-preset-jest/-/babel-preset-jest-30.5.0.tgz. Extracting by manifest.
379 silly tarball no local data for babel-preset-current-node-syntax@https://registry.npmjs.org/babel-preset-current-node-syntax/-/babel-preset-current-node-syntax-1.2.0.tgz. Extracting by manifest.
380 silly tarball no local data for babel-plugin-jest-hoist@https://registry.npmjs.org/babel-plugin-jest-hoist/-/babel-plugin-jest-hoist-30.5.0.tgz. Extracting by manifest.
381 silly tarball no local data for babel-plugin-istanbul@https://registry.npmjs.org/babel-plugin-istanbul/-/babel-plugin-istanbul-8.0.0.tgz. Extracting by manifest.
382 silly tarball no local data for babel-jest@https://registry.npmjs.org/babel-jest/-/babel-jest-30.5.0.tgz. Extracting by manifest.
383 silly tarball no local data for argparse@https://registry.npmjs.org/argparse/-/argparse-1.0.10.tgz. Extracting by manifest.
384 silly tarball no local data for anymatch@https://registry.npmjs.org/anymatch/-/anymatch-3.1.3.tgz. Extracting by manifest.
385 silly tarball no local data for ansi-styles@https://registry.npmjs.org/ansi-styles/-/ansi-styles-4.3.0.tgz. Extracting by manifest.
386 silly tarball no local data for ansi-regex@https://registry.npmjs.org/ansi-regex/-/ansi-regex-5.0.1.tgz. Extracting by manifest.
387 silly tarball no local data for ansi-escapes@https://registry.npmjs.org/ansi-escapes/-/ansi-escapes-4.3.2.tgz. Extracting by manifest.
388 silly tarball no local data for accepts@https://registry.npmjs.org/accepts/-/accepts-2.0.0.tgz. Extracting by manifest.
389 silly tarball no local data for @unrs/resolver-binding-linux-x64-musl@https://registry.npmjs.org/@unrs/resolver-binding-linux-x64-musl/-/resolver-binding-linux-x64-musl-1.12.2.tgz. Extracting by manifest.
390 silly tarball no local data for @unrs/resolver-binding-linux-x64-gnu@https://registry.npmjs.org/@unrs/resolver-binding-linux-x64-gnu/-/resolver-binding-linux-x64-gnu-1.12.2.tgz. Extracting by manifest.
391 silly tarball no local data for @ungap/structured-clone@https://registry.npmjs.org/@ungap/structured-clone/-/structured-clone-1.4.0.tgz. Extracting by manifest.
392 silly tarball no local data for @types/yargs-parser@https://registry.npmjs.org/@types/yargs-parser/-/yargs-parser-21.0.3.tgz. Extracting by manifest.
393 silly tarball no local data for @types/yargs@https://registry.npmjs.org/@types/yargs/-/yargs-17.0.35.tgz. Extracting by manifest.
394 silly tarball no local data for @types/stack-utils@https://registry.npmjs.org/@types/stack-utils/-/stack-utils-2.0.3.tgz. Extracting by manifest.
395 silly tarball no local data for @types/node@https://registry.npmjs.org/@types/node/-/node-26.4.0.tgz. Extracting by manifest.
396 silly tarball no local data for @types/istanbul-reports@https://registry.npmjs.org/@types/istanbul-reports/-/istanbul-reports-3.0.4.tgz. Extracting by manifest.
397 silly tarball no local data for @types/istanbul-lib-report@https://registry.npmjs.org/@types/istanbul-lib-report/-/istanbul-lib-report-3.0.3.tgz. Extracting by manifest.
398 silly tarball no local data for @types/istanbul-lib-coverage@https://registry.npmjs.org/@types/istanbul-lib-coverage/-/istanbul-lib-coverage-2.0.6.tgz. Extracting by manifest.
399 silly tarball no local data for @types/babel__traverse@https://registry.npmjs.org/@types/babel__traverse/-/babel__traverse-7.28.0.tgz. Extracting by manifest.
400 silly tarball no local data for @types/babel__template@https://registry.npmjs.org/@types/babel__template/-/babel__template-7.4.4.tgz. Extracting by manifest.
401 silly tarball no local data for @types/babel__generator@https://registry.npmjs.org/@types/babel__generator/-/babel__generator-7.27.0.tgz. Extracting by manifest.
402 silly tarball no local data for @types/babel__core@https://registry.npmjs.org/@types/babel__core/-/babel__core-7.20.5.tgz. Extracting by manifest.
403 silly tarball no local data for @tybys/wasm-util@https://registry.npmjs.org/@tybys/wasm-util/-/wasm-util-0.10.3.tgz. Extracting by manifest.
404 silly tarball no local data for @sinonjs/fake-timers@https://registry.npmjs.org/@sinonjs/fake-timers/-/fake-timers-15.4.0.tgz. Extracting by manifest.
405 silly tarball no local data for @sinonjs/commons@https://registry.npmjs.org/@sinonjs/commons/-/commons-3.0.1.tgz. Extracting by manifest.
406 silly tarball no local data for @sinclair/typebox@https://registry.npmjs.org/@sinclair/typebox/-/typebox-0.34.52.tgz. Extracting by manifest.
407 silly tarball no local data for @pkgr/core@https://registry.npmjs.org/@pkgr/core/-/core-0.3.6.tgz. Extracting by manifest.
408 silly tarball no local data for @pkgjs/parseargs@https://registry.npmjs.org/@pkgjs/parseargs/-/parseargs-0.11.0.tgz. Extracting by manifest.
409 silly tarball no local data for @parcel/watcher-linux-x64-musl@https://registry.npmjs.org/@parcel/watcher-linux-x64-musl/-/watcher-linux-x64-musl-2.6.0.tgz. Extracting by manifest.
410 silly tarball no local data for @parcel/watcher-linux-x64-glibc@https://registry.npmjs.org/@parcel/watcher-linux-x64-glibc/-/watcher-linux-x64-glibc-2.6.0.tgz. Extracting by manifest.
411 silly tarball no local data for @parcel/watcher@https://registry.npmjs.org/@parcel/watcher/-/watcher-2.6.0.tgz. Extracting by manifest.
412 silly tarball no local data for @napi-rs/wasm-runtime@https://registry.npmjs.org/@napi-rs/wasm-runtime/-/wasm-runtime-1.2.3.tgz. Extracting by manifest.
413 silly tarball no local data for @jridgewell/trace-mapping@https://registry.npmjs.org/@jridgewell/trace-mapping/-/trace-mapping-0.3.31.tgz. Extracting by manifest.
414 silly tarball no local data for @jridgewell/sourcemap-codec@https://registry.npmjs.org/@jridgewell/sourcemap-codec/-/sourcemap-codec-1.6.0.tgz. Extracting by manifest.
415 silly tarball no local data for @jridgewell/resolve-uri@https://registry.npmjs.org/@jridgewell/resolve-uri/-/resolve-uri-3.1.2.tgz. Extracting by manifest.
416 silly tarball no local data for @jridgewell/remapping@https://registry.npmjs.org/@jridgewell/remapping/-/remapping-2.3.5.tgz. Extracting by manifest.
417 silly tarball no local data for @jridgewell/gen-mapping@https://registry.npmjs.org/@jridgewell/gen-mapping/-/gen-mapping-0.3.13.tgz. Extracting by manifest.
418 silly tarball no local data for @jest/types@https://registry.npmjs.org/@jest/types/-/types-30.5.0.tgz. Extracting by manifest.
419 silly tarball no local data for @jest/transform@https://registry.npmjs.org/@jest/transform/-/transform-30.5.0.tgz. Extracting by manifest.
420 silly tarball no local data for @jest/test-sequencer@https://registry.npmjs.org/@jest/test-sequencer/-/test-sequencer-30.5.0.tgz. Extracting by manifest.
421 silly tarball no local data for @jest/test-result@https://registry.npmjs.org/@jest/test-result/-/test-result-30.5.0.tgz. Extracting by manifest.
422 silly tarball no local data for @jest/source-map@https://registry.npmjs.org/@jest/source-map/-/source-map-30.5.0.tgz. Extracting by manifest.
423 silly tarball no local data for @jest/snapshot-utils@https://registry.npmjs.org/@jest/snapshot-utils/-/snapshot-utils-30.5.0.tgz. Extracting by manifest.
424 silly tarball no local data for @jest/schemas@https://registry.npmjs.org/@jest/schemas/-/schemas-30.5.0.tgz. Extracting by manifest.
425 silly tarball no local data for @jest/reporters@https://registry.npmjs.org/@jest/reporters/-/reporters-30.5.0.tgz. Extracting by manifest.
426 silly tarball no local data for @jest/react-is-19@https://registry.npmjs.org/react-is/-/react-is-19.2.8.tgz. Extracting by manifest.
427 silly tarball no local data for @jest/react-is-18@https://registry.npmjs.org/react-is/-/react-is-18.3.1.tgz. Extracting by manifest.
428 silly tarball no local data for @jest/pattern@https://registry.npmjs.org/@jest/pattern/-/pattern-30.5.0.tgz. Extracting by manifest.
429 silly tarball no local data for @jest/globals@https://registry.npmjs.org/@jest/globals/-/globals-30.5.0.tgz. Extracting by manifest.
430 silly tarball no local data for @jest/get-type@https://registry.npmjs.org/@jest/get-type/-/get-type-30.5.0.tgz. Extracting by manifest.
431 silly tarball no local data for @jest/fake-timers@https://registry.npmjs.org/@jest/fake-timers/-/fake-timers-30.5.0.tgz. Extracting by manifest.
432 silly tarball no local data for @jest/expect-utils@https://registry.npmjs.org/@jest/expect-utils/-/expect-utils-30.5.0.tgz. Extracting by manifest.
433 silly tarball no local data for @jest/expect@https://registry.npmjs.org/@jest/expect/-/expect-30.5.0.tgz. Extracting by manifest.
434 silly tarball no local data for @jest/environment@https://registry.npmjs.org/@jest/environment/-/environment-30.5.0.tgz. Extracting by manifest.
435 silly tarball no local data for @jest/diff-sequences@https://registry.npmjs.org/@jest/diff-sequences/-/diff-sequences-30.5.0.tgz. Extracting by manifest.
436 silly tarball no local data for @jest/core@https://registry.npmjs.org/@jest/core/-/core-30.5.0.tgz. Extracting by manifest.
437 silly tarball no local data for @jest/console@https://registry.npmjs.org/@jest/console/-/console-30.5.0.tgz. Extracting by manifest.
438 silly tarball no local data for @istanbuljs/schema@https://registry.npmjs.org/@istanbuljs/schema/-/schema-0.1.6.tgz. Extracting by manifest.
439 silly tarball no local data for @istanbuljs/load-nyc-config@https://registry.npmjs.org/@istanbuljs/load-nyc-config/-/load-nyc-config-1.1.0.tgz. Extracting by manifest.
440 silly tarball no local data for @isaacs/cliui@https://registry.npmjs.org/@isaacs/cliui/-/cliui-8.0.2.tgz. Extracting by manifest.
441 silly tarball no local data for @emnapi/wasi-threads@https://registry.npmjs.org/@emnapi/wasi-threads/-/wasi-threads-1.2.1.tgz. Extracting by manifest.
442 silly tarball no local data for @emnapi/runtime@https://registry.npmjs.org/@emnapi/runtime/-/runtime-1.10.0.tgz. Extracting by manifest.
443 silly tarball no local data for @emnapi/core@https://registry.npmjs.org/@emnapi/core/-/core-1.10.0.tgz. Extracting by manifest.
444 silly tarball no local data for @bcoe/v8-coverage@https://registry.npmjs.org/@bcoe/v8-coverage/-/v8-coverage-0.2.3.tgz. Extracting by manifest.
445 silly tarball no local data for @babel/types@https://registry.npmjs.org/@babel/types/-/types-7.29.8.tgz. Extracting by manifest.
446 silly tarball no local data for @babel/traverse@https://registry.npmjs.org/@babel/traverse/-/traverse-7.29.8.tgz. Extracting by manifest.
447 silly tarball no local data for @babel/template@https://registry.npmjs.org/@babel/template/-/template-7.29.7.tgz. Extracting by manifest.
448 silly tarball no local data for @babel/plugin-syntax-typescript@https://registry.npmjs.org/@babel/plugin-syntax-typescript/-/plugin-syntax-typescript-7.29.7.tgz. Extracting by manifest.
449 silly tarball no local data for @babel/plugin-syntax-top-level-await@https://registry.npmjs.org/@babel/plugin-syntax-top-level-await/-/plugin-syntax-top-level-await-7.14.5.tgz. Extracting by manifest.
450 silly tarball no local data for @babel/plugin-syntax-private-property-in-object@https://registry.npmjs.org/@babel/plugin-syntax-private-property-in-object/-/plugin-syntax-private-property-in-object-7.14.5.tgz. Extracting by manifest.
451 silly tarball no local data for @babel/plugin-syntax-optional-chaining@https://registry.npmjs.org/@babel/plugin-syntax-optional-chaining/-/plugin-syntax-optional-chaining-7.8.3.tgz. Extracting by manifest.
452 silly tarball no local data for @babel/plugin-syntax-optional-catch-binding@https://registry.npmjs.org/@babel/plugin-syntax-optional-catch-binding/-/plugin-syntax-optional-catch-binding-7.8.3.tgz. Extracting by manifest.
453 silly tarball no local data for @babel/plugin-syntax-object-rest-spread@https://registry.npmjs.org/@babel/plugin-syntax-object-rest-spread/-/plugin-syntax-object-rest-spread-7.8.3.tgz. Extracting by manifest.
454 silly tarball no local data for @babel/plugin-syntax-numeric-separator@https://registry.npmjs.org/@babel/plugin-syntax-numeric-separator/-/plugin-syntax-numeric-separator-7.10.4.tgz. Extracting by manifest.
455 silly tarball no local data for @babel/plugin-syntax-nullish-coalescing-operator@https://registry.npmjs.org/@babel/plugin-syntax-nullish-coalescing-operator/-/plugin-syntax-nullish-coalescing-operator-7.8.3.tgz. Extracting by manifest.
456 silly tarball no local data for @babel/plugin-syntax-logical-assignment-operators@https://registry.npmjs.org/@babel/plugin-syntax-logical-assignment-operators/-/plugin-syntax-logical-assignment-operators-7.10.4.tgz. Extracting by manifest.
457 silly tarball no local data for @babel/plugin-syntax-jsx@https://registry.npmjs.org/@babel/plugin-syntax-jsx/-/plugin-syntax-jsx-7.29.7.tgz. Extracting by manifest.
458 silly tarball no local data for @babel/plugin-syntax-json-strings@https://registry.npmjs.org/@babel/plugin-syntax-json-strings/-/plugin-syntax-json-strings-7.8.3.tgz. Extracting by manifest.
459 silly tarball no local data for @babel/plugin-syntax-import-meta@https://registry.npmjs.org/@babel/plugin-syntax-import-meta/-/plugin-syntax-import-meta-7.10.4.tgz. Extracting by manifest.
460 silly tarball no local data for @babel/plugin-syntax-import-attributes@https://registry.npmjs.org/@babel/plugin-syntax-import-attributes/-/plugin-syntax-import-attributes-7.29.7.tgz. Extracting by manifest.
461 silly tarball no local data for @babel/plugin-syntax-class-static-block@https://registry.npmjs.org/@babel/plugin-syntax-class-static-block/-/plugin-syntax-class-static-block-7.14.5.tgz. Extracting by manifest.
462 silly tarball no local data for @babel/plugin-syntax-class-properties@https://registry.npmjs.org/@babel/plugin-syntax-class-properties/-/plugin-syntax-class-properties-7.12.13.tgz. Extracting by manifest.
463 silly tarball no local data for @babel/plugin-syntax-bigint@https://registry.npmjs.org/@babel/plugin-syntax-bigint/-/plugin-syntax-bigint-7.8.3.tgz. Extracting by manifest.
464 silly tarball no local data for @babel/plugin-syntax-async-generators@https://registry.npmjs.org/@babel/plugin-syntax-async-generators/-/plugin-syntax-async-generators-7.8.4.tgz. Extracting by manifest.
465 silly tarball no local data for @babel/parser@https://registry.npmjs.org/@babel/parser/-/parser-7.29.8.tgz. Extracting by manifest.
466 silly tarball no local data for @babel/helpers@https://registry.npmjs.org/@babel/helpers/-/helpers-7.29.7.tgz. Extracting by manifest.
467 silly tarball no local data for @babel/helper-validator-option@https://registry.npmjs.org/@babel/helper-validator-option/-/helper-validator-option-7.29.7.tgz. Extracting by manifest.
468 silly tarball no local data for @babel/helper-validator-identifier@https://registry.npmjs.org/@babel/helper-validator-identifier/-/helper-validator-identifier-7.29.7.tgz. Extracting by manifest.
469 silly tarball no local data for @babel/helper-string-parser@https://registry.npmjs.org/@babel/helper-string-parser/-/helper-string-parser-7.29.7.tgz. Extracting by manifest.
470 silly tarball no local data for @babel/helper-plugin-utils@https://registry.npmjs.org/@babel/helper-plugin-utils/-/helper-plugin-utils-7.29.7.tgz. Extracting by manifest.
471 silly tarball no local data for @babel/helper-module-transforms@https://registry.npmjs.org/@babel/helper-module-transforms/-/helper-module-transforms-7.29.7.tgz. Extracting by manifest.
472 silly tarball no local data for @babel/helper-module-imports@https://registry.npmjs.org/@babel/helper-module-imports/-/helper-module-imports-7.29.7.tgz. Extracting by manifest.
473 silly tarball no local data for @babel/helper-globals@https://registry.npmjs.org/@babel/helper-globals/-/helper-globals-7.29.7.tgz. Extracting by manifest.
474 silly tarball no local data for @babel/helper-compilation-targets@https://registry.npmjs.org/@babel/helper-compilation-targets/-/helper-compilation-targets-7.29.7.tgz. Extracting by manifest.
475 silly tarball no local data for @babel/generator@https://registry.npmjs.org/@babel/generator/-/generator-7.29.8.tgz. Extracting by manifest.
476 silly tarball no local data for @babel/core@https://registry.npmjs.org/@babel/core/-/core-7.29.7.tgz. Extracting by manifest.
477 silly tarball no local data for @babel/compat-data@https://registry.npmjs.org/@babel/compat-data/-/compat-data-7.29.7.tgz. Extracting by manifest.
478 silly tarball no local data for @babel/code-frame@https://registry.npmjs.org/@babel/code-frame/-/code-frame-7.29.7.tgz. Extracting by manifest.
479 silly tarball no local data for signal-exit@https://registry.npmjs.org/signal-exit/-/signal-exit-4.1.0.tgz. Extracting by manifest.
480 silly tarball no local data for content-type@https://registry.npmjs.org/content-type/-/content-type-2.0.0.tgz. Extracting by manifest.
481 silly tarball no local data for path-scurry@https://registry.npmjs.org/path-scurry/-/path-scurry-1.11.1.tgz. Extracting by manifest.
482 silly tarball no local data for lru-cache@https://registry.npmjs.org/lru-cache/-/lru-cache-10.4.3.tgz. Extracting by manifest.
483 silly tarball no local data for glob@https://registry.npmjs.org/glob/-/glob-10.5.0.tgz. Extracting by manifest.
484 silly tarball no local data for minimatch@https://registry.npmjs.org/minimatch/-/minimatch-9.0.9.tgz. Extracting by manifest.
485 silly tarball no local data for brace-expansion@https://registry.npmjs.org/brace-expansion/-/brace-expansion-2.1.4.tgz. Extracting by manifest.
486 silly tarball no local data for balanced-match@https://registry.npmjs.org/balanced-match/-/balanced-match-1.0.2.tgz. Extracting by manifest.
487 silly tarball no local data for ansi-styles@https://registry.npmjs.org/ansi-styles/-/ansi-styles-5.2.0.tgz. Extracting by manifest.
488 silly tarball no local data for lru-cache@https://registry.npmjs.org/lru-cache/-/lru-cache-11.5.2.tgz. Extracting by manifest.
489 silly tarball no local data for p-limit@https://registry.npmjs.org/p-limit/-/p-limit-2.3.0.tgz. Extracting by manifest.
490 silly tarball no local data for semver@https://registry.npmjs.org/semver/-/semver-7.8.5.tgz. Extracting by manifest.
491 silly tarball no local data for supports-color@https://registry.npmjs.org/supports-color/-/supports-color-8.1.1.tgz. Extracting by manifest.
492 silly tarball no local data for camelcase@https://registry.npmjs.org/camelcase/-/camelcase-6.3.0.tgz. Extracting by manifest.
493 silly tarball no local data for semver@https://registry.npmjs.org/semver/-/semver-7.8.5.tgz. Extracting by manifest.
494 silly tarball no local data for semver@https://registry.npmjs.org/semver/-/semver-7.8.5.tgz. Extracting by manifest.
495 silly tarball no local data for signal-exit@https://registry.npmjs.org/signal-exit/-/signal-exit-4.1.0.tgz. Extracting by manifest.
496 silly tarball no local data for content-type@https://registry.npmjs.org/content-type/-/content-type-2.0.0.tgz. Extracting by manifest.
497 silly tarball no local data for picomatch@https://registry.npmjs.org/picomatch/-/picomatch-2.3.2.tgz. Extracting by manifest.
498 silly tarball no local data for wrap-ansi@https://registry.npmjs.org/wrap-ansi/-/wrap-ansi-8.1.0.tgz. Extracting by manifest.
499 silly tarball no local data for strip-ansi@https://registry.npmjs.org/strip-ansi/-/strip-ansi-7.2.0.tgz. Extracting by manifest.
500 silly tarball no local data for string-width@https://registry.npmjs.org/string-width/-/string-width-5.1.2.tgz. Extracting by manifest.
501 silly tarball no local data for emoji-regex@https://registry.npmjs.org/emoji-regex/-/emoji-regex-9.2.2.tgz. Extracting by manifest.
502 silly tarball no local data for ansi-styles@https://registry.npmjs.org/ansi-styles/-/ansi-styles-6.2.3.tgz. Extracting by manifest.
503 silly tarball no local data for ansi-regex@https://registry.npmjs.org/ansi-regex/-/ansi-regex-6.3.0.tgz. Extracting by manifest.
504 http fetch POST 200 https://registry.npmjs.org/-/npm/v1/security/advisories/bulk 537ms
505 timing auditReport:getReport Completed in 543ms
506 silly audit report {}
507 timing auditReport:init Completed in 0ms
508 timing reify:audit Completed in 543ms
509 http fetch GET 200 https://registry.npmjs.org/which/-/which-2.0.2.tgz 947ms (cache miss)
510 timing reifyNode:node_modules/which Completed in 1183ms
511 http fetch GET 200 https://registry.npmjs.org/wrap-ansi/-/wrap-ansi-7.0.0.tgz 949ms (cache miss)
512 timing reifyNode:node_modules/wrap-ansi Completed in 1183ms
513 http fetch GET 200 https://registry.npmjs.org/strip-json-comments/-/strip-json-comments-3.1.1.tgz 942ms (cache miss)
514 timing reifyNode:node_modules/strip-json-comments Completed in 1182ms
515 http fetch GET 200 https://registry.npmjs.org/strip-bom/-/strip-bom-4.0.0.tgz 945ms (cache miss)
516 timing reifyNode:node_modules/strip-bom Completed in 1185ms
517 http fetch GET 200 https://registry.npmjs.org/toidentifier/-/toidentifier-1.0.1.tgz 947ms (cache miss)
518 timing reifyNode:node_modules/toidentifier Completed in 1187ms
519 http fetch GET 200 https://registry.npmjs.org/test-exclude/-/test-exclude-7.0.2.tgz 978ms (cache miss)
520 timing reifyNode:node_modules/test-exclude Completed in 1219ms
521 http fetch GET 200 https://registry.npmjs.org/yallist/-/yallist-3.1.1.tgz 989ms (cache miss)
522 timing reifyNode:node_modules/yallist Completed in 1221ms
523 http fetch GET 200 https://registry.npmjs.org/wrap-ansi/-/wrap-ansi-7.0.0.tgz 988ms (cache miss)
524 timing reifyNode:node_modules/wrap-ansi-cjs Completed in 1222ms
525 http fetch GET 200 https://registry.npmjs.org/vary/-/vary-1.1.2.tgz 986ms (cache miss)
526 timing reifyNode:node_modules/vary Completed in 1223ms
527 http fetch GET 200 https://registry.npmjs.org/supports-color/-/supports-color-7.2.0.tgz 982ms (cache miss)
528 timing reifyNode:node_modules/supports-color Completed in 1221ms
529 http fetch GET 200 https://registry.npmjs.org/slash/-/slash-3.0.0.tgz 978ms (cache miss)
530 timing reifyNode:node_modules/slash Completed in 1221ms
531 http fetch GET 200 https://registry.npmjs.org/string-width/-/string-width-4.2.3.tgz 980ms (cache miss)
532 timing reifyNode:node_modules/string-width-cjs Completed in 1222ms
533 http fetch GET 200 https://registry.npmjs.org/strip-ansi/-/strip-ansi-6.0.1.tgz 982ms (cache miss)
534 timing reifyNode:node_modules/strip-ansi Completed in 1223ms
535 http fetch GET 200 https://registry.npmjs.org/string-length/-/string-length-4.0.2.tgz 981ms (cache miss)
536 timing reifyNode:node_modules/string-length Completed in 1223ms
537 http fetch GET 200 https://registry.npmjs.org/signal-exit/-/signal-exit-3.0.7.tgz 979ms (cache miss)
538 timing reifyNode:node_modules/signal-exit Completed in 1222ms
539 http fetch GET 200 https://registry.npmjs.org/stack-utils/-/stack-utils-2.0.6.tgz 981ms (cache miss)
540 timing reifyNode:node_modules/stack-utils Completed in 1223ms
541 http fetch GET 200 https://registry.npmjs.org/shebang-regex/-/shebang-regex-3.0.0.tgz 979ms (cache miss)
542 timing reifyNode:node_modules/shebang-regex Completed in 1224ms
543 http fetch GET 200 https://registry.npmjs.org/once/-/once-1.4.0.tgz 965ms (cache miss)
544 timing reifyNode:node_modules/once Completed in 1224ms
545 http fetch GET 200 https://registry.npmjs.org/unpipe/-/unpipe-1.0.0.tgz 1023ms (cache miss)
546 timing reifyNode:node_modules/unpipe Completed in 1261ms
547 http fetch GET 200 https://registry.npmjs.org/write-file-atomic/-/write-file-atomic-5.0.1.tgz 1029ms (cache miss)
548 timing reifyNode:node_modules/write-file-atomic Completed in 1261ms
549 http fetch GET 200 https://registry.npmjs.org/y18n/-/y18n-5.0.8.tgz 1029ms (cache miss)
550 http fetch GET 200 https://registry.npmjs.org/update-browserslist-db/-/update-browserslist-db-1.3.2.tgz 1025ms (cache miss)
551 timing reifyNode:node_modules/update-browserslist-db Completed in 1262ms
552 http fetch GET 200 https://registry.npmjs.org/yocto-queue/-/yocto-queue-0.1.0.tgz 1034ms (cache miss)
553 timing reifyNode:node_modules/yocto-queue Completed in 1263ms
554 http fetch GET 200 https://registry.npmjs.org/strip-final-newline/-/strip-final-newline-2.0.0.tgz 1021ms (cache miss)
555 timing reifyNode:node_modules/strip-final-newline Completed in 1261ms
556 http fetch GET 200 https://registry.npmjs.org/strip-ansi/-/strip-ansi-6.0.1.tgz 1021ms (cache miss)
557 timing reifyNode:node_modules/strip-ansi-cjs Completed in 1262ms
558 http fetch GET 200 https://registry.npmjs.org/string-width/-/string-width-4.2.3.tgz 1020ms (cache miss)
559 timing reifyNode:node_modules/string-width Completed in 1262ms
560 http fetch GET 200 https://registry.npmjs.org/shebang-command/-/shebang-command-2.0.0.tgz 1015ms (cache miss)
561 timing reifyNode:node_modules/shebang-command Completed in 1261ms
562 http fetch GET 200 https://registry.npmjs.org/resolve-from/-/resolve-from-5.0.0.tgz 1014ms (cache miss)
563 timing reifyNode:node_modules/resolve-from Completed in 1263ms
564 http fetch GET 200 https://registry.npmjs.org/path-key/-/path-key-3.1.1.tgz 1008ms (cache miss)
565 timing reifyNode:node_modules/path-key Completed in 1263ms
566 http fetch GET 200 https://registry.npmjs.org/wrappy/-/wrappy-1.0.2.tgz 1070ms (cache miss)
567 timing reifyNode:node_modules/wrappy Completed in 1303ms
568 http fetch GET 200 https://registry.npmjs.org/type-is/-/type-is-2.1.0.tgz 1065ms (cache miss)
569 timing reifyNode:node_modules/type-is Completed in 1303ms
570 http fetch GET 200 https://registry.npmjs.org/type-detect/-/type-detect-4.0.8.tgz 1065ms (cache miss)
571 timing reifyNode:node_modules/type-detect Completed in 1303ms
572 http fetch GET 200 https://registry.npmjs.org/setprototypeof/-/setprototypeof-1.2.0.tgz 1058ms (cache miss)
573 timing reifyNode:node_modules/setprototypeof Completed in 1305ms
574 http fetch GET 200 https://registry.npmjs.org/raw-body/-/raw-body-3.0.2.tgz 1056ms (cache miss)
575 timing reifyNode:node_modules/raw-body Completed in 1305ms
576 http fetch GET 200 https://registry.npmjs.org/path-exists/-/path-exists-4.0.0.tgz 1050ms (cache miss)
577 timing reifyNode:node_modules/path-exists Completed in 1305ms
578 http fetch GET 200 https://registry.npmjs.org/router/-/router-2.2.0.tgz 1089ms (cache miss)
579 timing reifyNode:node_modules/router Completed in 1336ms
580 http fetch GET 200 https://registry.npmjs.org/statuses/-/statuses-2.0.2.tgz 1097ms (cache miss)
581 timing reifyNode:node_modules/statuses Completed in 1341ms
582 http fetch GET 200 https://registry.npmjs.org/pretty-format/-/pretty-format-30.5.0.tgz 1088ms (cache miss)
583 timing reifyNode:node_modules/pretty-format Completed in 1340ms
584 http fetch GET 200 https://registry.npmjs.org/parse-json/-/parse-json-5.2.0.tgz 1084ms (cache miss)
585 timing reifyNode:node_modules/parse-json Completed in 1341ms
586 http fetch GET 200 https://registry.npmjs.org/p-limit/-/p-limit-3.1.0.tgz 1082ms (cache miss)
587 timing reifyNode:node_modules/p-limit Completed in 1340ms
588 http fetch GET 200 https://registry.npmjs.org/onetime/-/onetime-5.1.2.tgz 1082ms (cache miss)
589 timing reifyNode:node_modules/onetime Completed in 1341ms
590 http fetch GET 200 https://registry.npmjs.org/natural-compare/-/natural-compare-1.4.0.tgz 1078ms (cache miss)
591 timing reifyNode:node_modules/natural-compare Completed in 1340ms
592 http fetch GET 200 https://registry.npmjs.org/mimic-fn/-/mimic-fn-2.1.0.tgz 1077ms (cache miss)
593 timing reifyNode:node_modules/mimic-fn Completed in 1340ms
594 http fetch GET 200 https://registry.npmjs.org/leven/-/leven-3.1.0.tgz 1074ms (cache miss)
595 timing reifyNode:node_modules/leven Completed in 1340ms
596 timing reifyNode:node_modules/y18n Completed in 1383ms
597 http fetch GET 200 https://registry.npmjs.org/require-directory/-/require-directory-2.1.1.tgz 1131ms (cache miss)
598 timing reifyNode:node_modules/require-directory Completed in 1381ms
599 http fetch GET 200 https://registry.npmjs.org/resolve-cwd/-/resolve-cwd-3.0.0.tgz 1133ms (cache miss)
600 timing reifyNode:node_modules/resolve-cwd Completed in 1381ms
601 http fetch GET 200 https://registry.npmjs.org/range-parser/-/range-parser-1.2.1.tgz 1131ms (cache miss)
602 timing reifyNode:node_modules/range-parser Completed in 1382ms
603 http fetch GET 200 https://registry.npmjs.org/pkg-dir/-/pkg-dir-4.2.0.tgz 1130ms (cache miss)
604 timing reifyNode:node_modules/pkg-dir Completed in 1381ms
605 http fetch GET 200 https://registry.npmjs.org/pirates/-/pirates-4.0.7.tgz 1129ms (cache miss)
606 timing reifyNode:node_modules/pirates Completed in 1381ms
607 http fetch GET 200 https://registry.npmjs.org/picocolors/-/picocolors-1.1.1.tgz 1129ms (cache miss)
608 timing reifyNode:node_modules/picocolors Completed in 1382ms
609 http fetch GET 200 https://registry.npmjs.org/on-finished/-/on-finished-2.4.1.tgz 1122ms (cache miss)
610 timing reifyNode:node_modules/on-finished Completed in 1381ms
611 http fetch GET 200 https://registry.npmjs.org/merge-stream/-/merge-stream-2.0.0.tgz 1117ms (cache miss)
612 timing reifyNode:node_modules/merge-stream Completed in 1380ms
613 http fetch GET 200 https://registry.npmjs.org/lines-and-columns/-/lines-and-columns-1.2.4.tgz 1115ms (cache miss)
614 timing reifyNode:node_modules/lines-and-columns Completed in 1381ms
615 http fetch GET 200 https://registry.npmjs.org/side-channel-weakmap/-/side-channel-weakmap-1.0.2.tgz 1180ms (cache miss)
616 http fetch GET 200 https://registry.npmjs.org/proxy-addr/-/proxy-addr-2.0.7.tgz 1173ms (cache miss)
617 timing reifyNode:node_modules/proxy-addr Completed in 1425ms
618 http fetch GET 200 https://registry.npmjs.org/parseurl/-/parseurl-1.3.3.tgz 1169ms (cache miss)
619 timing reifyNode:node_modules/parseurl Completed in 1427ms
620 http fetch GET 200 https://registry.npmjs.org/p-locate/-/p-locate-4.1.0.tgz 1169ms (cache miss)
621 timing reifyNode:node_modules/p-locate Completed in 1427ms
622 http fetch GET 200 https://registry.npmjs.org/normalize-path/-/normalize-path-3.0.0.tgz 1168ms (cache miss)
623 timing reifyNode:node_modules/normalize-path Completed in 1427ms
624 http fetch GET 200 https://registry.npmjs.org/negotiator/-/negotiator-1.0.0.tgz 1167ms (cache miss)
625 timing reifyNode:node_modules/side-channel-weakmap Completed in 1467ms
626 http fetch GET 200 https://registry.npmjs.org/serve-static/-/serve-static-2.2.0.tgz 1220ms (cache miss)
627 timing reifyNode:node_modules/serve-static Completed in 1468ms
628 http fetch GET 200 https://registry.npmjs.org/p-try/-/p-try-2.2.0.tgz 1209ms (cache miss)
629 timing reifyNode:node_modules/p-try Completed in 1466ms
630 http fetch GET 200 https://registry.npmjs.org/npm-run-path/-/npm-run-path-4.0.1.tgz 1206ms (cache miss)
631 timing reifyNode:node_modules/npm-run-path Completed in 1466ms
632 timing reifyNode:node_modules/negotiator Completed in 1466ms
633 http fetch GET 200 https://registry.npmjs.org/json-parse-even-better-errors/-/json-parse-even-better-errors-2.3.1.tgz 1199ms (cache miss)
634 timing reifyNode:node_modules/json-parse-even-better-errors Completed in 1466ms
635 http fetch GET 200 https://registry.npmjs.org/jest-resolve-dependencies/-/jest-resolve-dependencies-30.5.0.tgz 1196ms (cache miss)
636 timing reifyNode:node_modules/jest-resolve-dependencies Completed in 1466ms
637 http fetch GET 200 https://registry.npmjs.org/unrs-resolver/-/unrs-resolver-1.12.2.tgz 1273ms (cache miss)
638 timing reifyNode:node_modules/unrs-resolver Completed in 1510ms
639 http fetch GET 200 https://registry.npmjs.org/side-channel-map/-/side-channel-map-1.0.1.tgz 1264ms (cache miss)
640 http fetch GET 200 https://registry.npmjs.org/side-channel/-/side-channel-1.1.1.tgz 1263ms (cache miss)
641 http fetch GET 200 https://registry.npmjs.org/safe-buffer/-/safe-buffer-5.2.1.tgz 1261ms (cache miss)
642 timing reifyNode:node_modules/safe-buffer Completed in 1508ms
643 http fetch GET 200 https://registry.npmjs.org/ms/-/ms-2.1.3.tgz 1243ms (cache miss)
644 timing reifyNode:node_modules/ms Completed in 1505ms
645 http fetch GET 200 https://registry.npmjs.org/media-typer/-/media-typer-1.1.0.tgz 1241ms (cache miss)
646 timing reifyNode:node_modules/media-typer Completed in 1505ms
647 http fetch GET 200 https://registry.npmjs.org/make-dir/-/make-dir-4.0.0.tgz 1240ms (cache miss)
648 timing reifyNode:node_modules/make-dir Completed in 1505ms
649 timing reifyNode:node_modules/side-channel-map Completed in 1548ms
650 timing reifyNode:node_modules/side-channel Completed in 1549ms
651 http fetch GET 200 https://registry.npmjs.org/safer-buffer/-/safer-buffer-2.1.2.tgz 1301ms (cache miss)
652 timing reifyNode:node_modules/safer-buffer Completed in 1548ms
653 http fetch GET 200 https://registry.npmjs.org/mime-types/-/mime-types-3.0.1.tgz 1284ms (cache miss)
654 timing reifyNode:node_modules/mime-types Completed in 1547ms
655 http fetch GET 200 https://registry.npmjs.org/merge-descriptors/-/merge-descriptors-2.0.0.tgz 1284ms (cache miss)
656 timing reifyNode:node_modules/merge-descriptors Completed in 1547ms
657 http fetch GET 200 https://registry.npmjs.org/locate-path/-/locate-path-5.0.0.tgz 1283ms (cache miss)
658 timing reifyNode:node_modules/locate-path Completed in 1548ms
659 http fetch GET 200 https://registry.npmjs.org/jest-validate/-/jest-validate-30.5.0.tgz 1279ms (cache miss)
660 timing reifyNode:node_modules/jest-validate Completed in 1547ms
661 http fetch GET 200 https://registry.npmjs.org/js-tokens/-/js-tokens-4.0.0.tgz 1281ms (cache miss)
662 timing reifyNode:node_modules/js-tokens Completed in 1549ms
663 http fetch GET 200 https://registry.npmjs.org/jest-watcher/-/jest-watcher-30.5.0.tgz 1281ms (cache miss)
664 timing reifyNode:node_modules/jest-watcher Completed in 1549ms
665 http fetch GET 200 https://registry.npmjs.org/jest-mock/-/jest-mock-30.5.0.tgz 1277ms (cache miss)
666 timing reifyNode:node_modules/jest-mock Completed in 1549ms
667 http fetch GET 200 https://registry.npmjs.org/jest-docblock/-/jest-docblock-30.5.0.tgz 1277ms (cache miss)
668 timing reifyNode:node_modules/jest-docblock Completed in 1551ms
669 http fetch GET 200 https://registry.npmjs.org/jest/-/jest-30.5.0.tgz 1276ms (cache miss)
670 timing reifyNode:node_modules/jest Completed in 1551ms
671 http fetch GET 200 https://registry.npmjs.org/is-fullwidth-code-point/-/is-fullwidth-code-point-3.0.0.tgz 1268ms (cache miss)
672 timing reifyNode:node_modules/is-fullwidth-code-point Completed in 1551ms
673 http fetch GET 200 https://registry.npmjs.org/side-channel-list/-/side-channel-list-1.0.1.tgz 1344ms (cache miss)
674 timing reifyNode:node_modules/side-channel-list Completed in 1589ms
675 http fetch GET 200 https://registry.npmjs.org/node-releases/-/node-releases-2.0.54.tgz 1326ms (cache miss)
676 timing reifyNode:node_modules/node-releases Completed in 1586ms
677 http fetch GET 200 https://registry.npmjs.org/node-int64/-/node-int64-0.4.0.tgz 1325ms (cache miss)
678 timing reifyNode:node_modules/node-int64 Completed in 1586ms
679 http fetch GET 200 https://registry.npmjs.org/lru-cache/-/lru-cache-5.1.1.tgz 1321ms (cache miss)
680 timing reifyNode:node_modules/lru-cache Completed in 1586ms
681 http fetch GET 200 https://registry.npmjs.org/jsesc/-/jsesc-3.1.0.tgz 1319ms (cache miss)
682 timing reifyNode:node_modules/jsesc Completed in 1586ms
683 http fetch GET 200 https://registry.npmjs.org/jest-regex-util/-/jest-regex-util-30.5.0.tgz 1316ms (cache miss)
684 timing reifyNode:node_modules/jest-regex-util Completed in 1588ms
685 http fetch GET 200 https://registry.npmjs.org/jest-changed-files/-/jest-changed-files-30.5.0.tgz 1311ms (cache miss)
686 timing reifyNode:node_modules/jest-changed-files Completed in 1587ms
687 http fetch GET 200 https://registry.npmjs.org/is-arrayish/-/is-arrayish-0.2.1.tgz 1302ms (cache miss)
688 timing reifyNode:node_modules/is-arrayish Completed in 1587ms
689 http fetch GET 200 https://registry.npmjs.org/has-flag/-/has-flag-4.0.0.tgz 1300ms (cache miss)
690 timing reifyNode:node_modules/has-flag Completed in 1588ms
691 http fetch GET 200 https://registry.npmjs.org/jest-leak-detector/-/jest-leak-detector-30.5.0.tgz 1361ms (cache miss)
692 timing reifyNode:node_modules/jest-leak-detector Completed in 1635ms
693 http fetch GET 200 https://registry.npmjs.org/jest-environment-node/-/jest-environment-node-30.5.0.tgz 1361ms (cache miss)
694 timing reifyNode:node_modules/jest-environment-node Completed in 1635ms
695 http fetch GET 200 https://registry.npmjs.org/is-glob/-/is-glob-4.0.3.tgz 1350ms (cache miss)
696 timing reifyNode:node_modules/is-glob Completed in 1634ms
697 http fetch GET 200 https://registry.npmjs.org/import-local/-/import-local-3.2.0.tgz 1349ms (cache miss)
698 timing reifyNode:node_modules/import-local Completed in 1634ms
699 http fetch GET 200 https://registry.npmjs.org/send/-/send-1.2.0.tgz 1446ms (cache miss)
700 timing reifyNode:node_modules/send Completed in 1693ms
701 http fetch GET 200 https://registry.npmjs.org/package-json-from-dist/-/package-json-from-dist-1.0.1.tgz 1436ms (cache miss)
702 http fetch GET 200 https://registry.npmjs.org/jest-message-util/-/jest-message-util-30.5.0.tgz 1418ms (cache miss)
703 timing reifyNode:node_modules/jest-message-util Completed in 1691ms
704 http fetch GET 200 https://registry.npmjs.org/jest-runner/-/jest-runner-30.5.0.tgz 1423ms (cache miss)
705 timing reifyNode:node_modules/jest-runner Completed in 1694ms
706 http fetch GET 200 https://registry.npmjs.org/jest-resolve/-/jest-resolve-30.5.0.tgz 1423ms (cache miss)
707 http fetch GET 200 https://registry.npmjs.org/jest-matcher-utils/-/jest-matcher-utils-30.5.0.tgz 1422ms (cache miss)
708 timing reifyNode:node_modules/jest-matcher-utils Completed in 1694ms
709 http fetch GET 200 https://registry.npmjs.org/is-extglob/-/is-extglob-2.1.1.tgz 1411ms (cache miss)
710 timing reifyNode:node_modules/is-extglob Completed in 1695ms
711 http fetch GET 200 https://registry.npmjs.org/istanbul-lib-coverage/-/istanbul-lib-coverage-3.2.2.tgz 1418ms (cache miss)
712 http fetch GET 200 https://registry.npmjs.org/isexe/-/isexe-2.0.0.tgz 1414ms (cache miss)
713 timing reifyNode:node_modules/isexe Completed in 1695ms
714 http fetch GET 200 https://registry.npmjs.org/is-promise/-/is-promise-4.0.0.tgz 1416ms (cache miss)
715 timing reifyNode:node_modules/is-promise Completed in 1698ms
716 http fetch GET 200 https://registry.npmjs.org/is-stream/-/is-stream-2.0.1.tgz 1417ms (cache miss)
717 timing reifyNode:node_modules/is-stream Completed in 1699ms
718 http fetch GET 200 https://registry.npmjs.org/is-generator-fn/-/is-generator-fn-2.1.0.tgz 1416ms (cache miss)
719 timing reifyNode:node_modules/is-generator-fn Completed in 1699ms
720 http fetch GET 200 https://registry.npmjs.org/get-caller-file/-/get-caller-file-2.0.5.tgz 1410ms (cache miss)
721 timing reifyNode:node_modules/get-caller-file Completed in 1702ms
722 http fetch GET 200 https://registry.npmjs.org/graceful-fs/-/graceful-fs-4.2.11.tgz 1414ms (cache miss)
723 http fetch GET 200 https://registry.npmjs.org/finalhandler/-/finalhandler-2.1.0.tgz 1410ms (cache miss)
724 timing reifyNode:node_modules/finalhandler Completed in 1704ms
725 http fetch GET 200 https://registry.npmjs.org/v8-to-istanbul/-/v8-to-istanbul-9.3.0.tgz 1529ms (cache miss)
726 timing reifyNode:node_modules/v8-to-istanbul Completed in 1765ms
727 http fetch GET 200 https://registry.npmjs.org/jest-diff/-/jest-diff-30.5.0.tgz 1484ms (cache miss)
728 timing reifyNode:node_modules/jest-diff Completed in 1758ms
729 http fetch GET 200 https://registry.npmjs.org/jest-each/-/jest-each-30.5.0.tgz 1485ms (cache miss)
730 timing reifyNode:node_modules/jest-each Completed in 1759ms
731 http fetch GET 200 https://registry.npmjs.org/jest-cli/-/jest-cli-30.5.0.tgz 1484ms (cache miss)
732 timing reifyNode:node_modules/jest-cli Completed in 1759ms
733 http fetch GET 200 https://registry.npmjs.org/has-symbols/-/has-symbols-1.1.0.tgz 1471ms (cache miss)
734 http fetch GET 200 https://registry.npmjs.org/inherits/-/inherits-2.0.4.tgz 1474ms (cache miss)
735 timing reifyNode:node_modules/inherits Completed in 1759ms
736 http fetch GET 200 https://registry.npmjs.org/get-package-type/-/get-package-type-0.1.0.tgz 1469ms (cache miss)
737 timing reifyNode:node_modules/get-package-type Completed in 1759ms
738 http fetch GET 200 https://registry.npmjs.org/get-stream/-/get-stream-6.0.1.tgz 1471ms (cache miss)
739 timing reifyNode:node_modules/get-stream Completed in 1760ms
740 http fetch GET 200 https://registry.npmjs.org/fb-watchman/-/fb-watchman-2.0.2.tgz 1466ms (cache miss)
741 timing reifyNode:node_modules/fb-watchman Completed in 1759ms
742 http fetch GET 200 https://registry.npmjs.org/fresh/-/fresh-2.0.0.tgz 1469ms (cache miss)
743 timing reifyNode:node_modules/fresh Completed in 1761ms
744 http fetch GET 200 https://registry.npmjs.org/forwarded/-/forwarded-0.2.0.tgz 1469ms (cache miss)
745 timing reifyNode:node_modules/forwarded Completed in 1760ms
746 http fetch GET 200 https://registry.npmjs.org/etag/-/etag-1.8.1.tgz 1465ms (cache miss)
747 timing reifyNode:node_modules/etag Completed in 1761ms
748 http fetch GET 200 https://registry.npmjs.org/es-errors/-/es-errors-1.3.0.tgz 1464ms (cache miss)
749 http fetch GET 200 https://registry.npmjs.org/jest-worker/-/jest-worker-30.5.0.tgz 1526ms (cache miss)
750 timing reifyNode:node_modules/jest-worker Completed in 1794ms
751 timing reifyNode:node_modules/jest-resolve Completed in 1794ms
752 timing reifyNode:node_modules/istanbul-lib-coverage Completed in 1792ms
753 http fetch GET 200 https://registry.npmjs.org/http-errors/-/http-errors-2.0.1.tgz 1505ms (cache miss)
754 timing reifyNode:node_modules/http-errors Completed in 1791ms
755 http fetch GET 200 https://registry.npmjs.org/html-escaper/-/html-escaper-2.0.2.tgz 1505ms (cache miss)
756 http fetch GET 200 https://registry.npmjs.org/imurmurhash/-/imurmurhash-0.1.4.tgz 1508ms (cache miss)
757 timing reifyNode:node_modules/imurmurhash Completed in 1793ms
758 timing reifyNode:node_modules/graceful-fs Completed in 1793ms
759 http fetch GET 200 https://registry.npmjs.org/find-up/-/find-up-4.1.0.tgz 1501ms (cache miss)
760 timing reifyNode:node_modules/find-up Completed in 1793ms
761 http fetch GET 200 https://registry.npmjs.org/gensync/-/gensync-1.0.0-beta.2.tgz 1503ms (cache miss)
762 timing reifyNode:node_modules/gensync Completed in 1794ms
763 http fetch GET 200 https://registry.npmjs.org/error-ex/-/error-ex-1.3.4.tgz 1495ms (cache miss)
764 timing reifyNode:node_modules/error-ex Completed in 1793ms
765 http fetch GET 200 https://registry.npmjs.org/ee-first/-/ee-first-1.1.1.tgz 1497ms (cache miss)
766 timing reifyNode:node_modules/ee-first Completed in 1799ms
767 timing reifyNode:node_modules/package-json-from-dist Completed in 1828ms
768 http fetch GET 200 https://registry.npmjs.org/istanbul-lib-source-maps/-/istanbul-lib-source-maps-5.0.6.tgz 1549ms (cache miss)
769 http fetch GET 200 https://registry.npmjs.org/ipaddr.js/-/ipaddr.js-1.9.1.tgz 1540ms (cache miss)
770 timing reifyNode:node_modules/ipaddr.js Completed in 1826ms
771 http fetch GET 200 https://registry.npmjs.org/hasown/-/hasown-2.0.4.tgz 1538ms (cache miss)
772 http fetch GET 200 https://registry.npmjs.org/fdir/-/fdir-6.5.0.tgz 1532ms (cache miss)
773 http fetch GET 200 https://registry.npmjs.org/escape-html/-/escape-html-1.0.3.tgz 1531ms (cache miss)
774 timing reifyNode:node_modules/escape-html Completed in 1829ms
775 timing reifyNode:node_modules/hasown Completed in 1862ms
776 http fetch GET 200 https://registry.npmjs.org/gopd/-/gopd-1.2.0.tgz 1574ms (cache miss)
777 http fetch GET 200 https://registry.npmjs.org/detect-newline/-/detect-newline-3.1.0.tgz 1561ms (cache miss)
778 timing reifyNode:node_modules/detect-newline Completed in 1863ms
779 http fetch GET 200 https://registry.npmjs.org/encodeurl/-/encodeurl-2.0.0.tgz 1564ms (cache miss)
780 timing reifyNode:node_modules/encodeurl Completed in 1864ms
781 http fetch GET 200 https://registry.npmjs.org/emoji-regex/-/emoji-regex-8.0.0.tgz 1565ms (cache miss)
782 http fetch GET 200 https://registry.npmjs.org/cookie-signature/-/cookie-signature-1.2.2.tgz 1559ms (cache miss)
783 timing reifyNode:node_modules/cookie-signature Completed in 1864ms
784 http fetch GET 200 https://registry.npmjs.org/cookie/-/cookie-0.7.1.tgz 1561ms (cache miss)
785 timing reifyNode:node_modules/cookie Completed in 1866ms
786 http fetch GET 200 https://registry.npmjs.org/color-name/-/color-name-1.1.4.tgz 1560ms (cache miss)
787 timing reifyNode:node_modules/color-name Completed in 1865ms
788 timing reifyNode:node_modules/html-escaper Completed in 1895ms
789 http fetch GET 200 https://registry.npmjs.org/get-intrinsic/-/get-intrinsic-1.3.0.tgz 1606ms (cache miss)
790 http fetch GET 200 https://registry.npmjs.org/escape-string-regexp/-/escape-string-regexp-2.0.0.tgz 1601ms (cache miss)
791 timing reifyNode:node_modules/escape-string-regexp Completed in 1897ms
792 http fetch GET 200 https://registry.npmjs.org/eastasianwidth/-/eastasianwidth-0.2.0.tgz 1619ms (cache miss)
793 timing reifyNode:node_modules/eastasianwidth Completed in 1920ms
794 http fetch GET 200 https://registry.npmjs.org/jest-util/-/jest-util-30.5.0.tgz 1662ms (cache miss)
795 timing reifyNode:node_modules/jest-util Completed in 1930ms
796 timing reifyNode:node_modules/istanbul-lib-source-maps Completed in 1928ms
797 http fetch GET 200 https://registry.npmjs.org/get-proto/-/get-proto-1.0.1.tgz 1638ms (cache miss)
798 timing reifyNode:node_modules/get-intrinsic Completed in 1928ms
799 timing reifyNode:node_modules/fdir Completed in 1928ms
800 http fetch GET 200 https://registry.npmjs.org/escalade/-/escalade-3.2.0.tgz 1632ms (cache miss)
801 http fetch GET 200 https://registry.npmjs.org/es-define-property/-/es-define-property-1.0.1.tgz 1630ms (cache miss)
802 http fetch GET 200 https://registry.npmjs.org/emittery/-/emittery-0.13.1.tgz 1629ms (cache miss)
803 timing reifyNode:node_modules/emittery Completed in 1929ms
804 http fetch GET 200 https://registry.npmjs.org/depd/-/depd-2.0.0.tgz 1626ms (cache miss)
805 timing reifyNode:node_modules/depd Completed in 1930ms
806 http fetch GET 200 https://registry.npmjs.org/cross-spawn/-/cross-spawn-7.0.6.tgz 1626ms (cache miss)
807 http fetch GET 200 https://registry.npmjs.org/color-convert/-/color-convert-2.0.1.tgz 1624ms (cache miss)
808 http fetch GET 200 https://registry.npmjs.org/collect-v8-coverage/-/collect-v8-coverage-1.0.3.tgz 1624ms (cache miss)
809 timing reifyNode:node_modules/collect-v8-coverage Completed in 1930ms
810 http fetch GET 200 https://registry.npmjs.org/istanbul-lib-report/-/istanbul-lib-report-3.0.1.tgz 1682ms (cache miss)
811 http fetch GET 200 https://registry.npmjs.org/path-to-regexp/-/path-to-regexp-8.4.0.tgz 1714ms (cache miss)
812 timing reifyNode:node_modules/path-to-regexp Completed in 1967ms
813 http fetch GET 200 https://registry.npmjs.org/human-signals/-/human-signals-2.1.0.tgz 1675ms (cache miss)
814 timing reifyNode:node_modules/gopd Completed in 1962ms
815 http fetch GET 200 https://registry.npmjs.org/function-bind/-/function-bind-1.1.2.tgz 1670ms (cache miss)
816 timing reifyNode:node_modules/emoji-regex Completed in 1962ms
817 http fetch GET 200 https://registry.npmjs.org/detect-libc/-/detect-libc-2.1.2.tgz 1660ms (cache miss)
818 http fetch GET 200 https://registry.npmjs.org/dedent/-/dedent-1.7.2.tgz 1660ms (cache miss)
819 timing reifyNode:node_modules/dedent Completed in 1963ms
820 http fetch GET 200 https://registry.npmjs.org/dunder-proto/-/dunder-proto-1.0.1.tgz 1661ms (cache miss)
821 http fetch GET 200 https://registry.npmjs.org/convert-source-map/-/convert-source-map-2.0.0.tgz 1663ms (cache miss)
822 timing reifyNode:node_modules/convert-source-map Completed in 1968ms
823 http fetch GET 200 https://registry.npmjs.org/call-bound/-/call-bound-1.0.4.tgz 1654ms (cache miss)
824 http fetch GET 200 https://registry.npmjs.org/char-regex/-/char-regex-1.0.2.tgz 1657ms (cache miss)
825 timing reifyNode:node_modules/char-regex Completed in 1968ms
826 http fetch GET 200 https://registry.npmjs.org/ci-info/-/ci-info-4.4.0.tgz 1657ms (cache miss)
827 http fetch GET 200 https://registry.npmjs.org/camelcase/-/camelcase-5.3.1.tgz 1657ms (cache miss)
828 timing reifyNode:node_modules/camelcase Completed in 1969ms
829 http fetch GET 200 https://registry.npmjs.org/bytes/-/bytes-3.1.2.tgz 1655ms (cache miss)
830 timing reifyNode:node_modules/bytes Completed in 1969ms
831 http fetch GET 200 https://registry.npmjs.org/bser/-/bser-2.1.1.tgz 1654ms (cache miss)
832 timing reifyNode:node_modules/bser Completed in 1970ms
833 http fetch GET 200 https://registry.npmjs.org/ansi-regex/-/ansi-regex-5.0.1.tgz 1648ms (cache miss)
834 timing reifyNode:node_modules/ansi-regex Completed in 1970ms
835 http fetch GET 200 https://registry.npmjs.org/babel-preset-current-node-syntax/-/babel-preset-current-node-syntax-1.2.0.tgz 1653ms (cache miss)
836 http fetch GET 200 https://registry.npmjs.org/babel-jest/-/babel-jest-30.5.0.tgz 1651ms (cache miss)
837 timing reifyNode:node_modules/babel-jest Completed in 1971ms
838 http fetch GET 200 https://registry.npmjs.org/sprintf-js/-/sprintf-js-1.0.3.tgz 1758ms (cache miss)
839 http fetch GET 200 https://registry.npmjs.org/semver/-/semver-6.3.1.tgz 1755ms (cache miss)
840 timing reifyNode:node_modules/semver Completed in 2001ms
841 http fetch GET 200 https://registry.npmjs.org/execa/-/execa-5.1.1.tgz 1699ms (cache miss)
842 http fetch GET 200 https://registry.npmjs.org/co/-/co-4.6.0.tgz 1684ms (cache miss)
843 timing reifyNode:node_modules/co Completed in 1994ms
844 http fetch GET 200 https://registry.npmjs.org/content-type/-/content-type-1.0.5.tgz 1689ms (cache miss)
845 timing reifyNode:node_modules/content-type Completed in 1994ms
846 timing reifyNode:node_modules/color-convert Completed in 1995ms
847 http fetch GET 200 https://registry.npmjs.org/callsites/-/callsites-3.1.0.tgz 1682ms (cache miss)
848 timing reifyNode:node_modules/callsites Completed in 1995ms
849 timing reifyNode:node_modules/ci-info Completed in 1995ms
850 http fetch GET 200 https://registry.npmjs.org/balanced-match/-/balanced-match-4.0.4.tgz 1679ms (cache miss)
851 http fetch GET 200 https://registry.npmjs.org/mime-db/-/mime-db-1.54.0.tgz 1771ms (cache miss)
852 timing reifyNode:node_modules/mime-db Completed in 2035ms
853 http fetch GET 200 https://registry.npmjs.org/jest-config/-/jest-config-30.5.0.tgz 1758ms (cache miss)
854 timing reifyNode:node_modules/jest-config Completed in 2033ms
855 timing reifyNode:node_modules/get-proto Completed in 2032ms
856 http fetch GET 200 https://registry.npmjs.org/expect/-/expect-30.5.0.tgz 1738ms (cache miss)
857 timing reifyNode:node_modules/escalade Completed in 2032ms
858 timing reifyNode:node_modules/es-define-property Completed in 2032ms
859 timing reifyNode:node_modules/detect-libc Completed in 2032ms
860 http fetch GET 200 https://registry.npmjs.org/deepmerge/-/deepmerge-4.3.1.tgz 1729ms (cache miss)
861 timing reifyNode:node_modules/cross-spawn Completed in 2033ms
862 http fetch GET 200 https://registry.npmjs.org/content-disposition/-/content-disposition-1.0.0.tgz 1727ms (cache miss)
863 timing reifyNode:node_modules/content-disposition Completed in 2032ms
864 http fetch GET 200 https://registry.npmjs.org/chalk/-/chalk-4.1.2.tgz 1722ms (cache miss)
865 timing reifyNode:node_modules/chalk Completed in 2033ms
866 timing reifyNode:node_modules/babel-preset-current-node-syntax Completed in 2033ms
867 http fetch GET 200 https://registry.npmjs.org/@types/yargs-parser/-/yargs-parser-21.0.3.tgz 1710ms (cache miss)
868 timing reifyNode:node_modules/@types/yargs-parser Completed in 2032ms
869 http fetch GET 200 https://registry.npmjs.org/ansi-escapes/-/ansi-escapes-4.3.2.tgz 1713ms (cache miss)
870 timing reifyNode:node_modules/ansi-escapes Completed in 2034ms
871 http fetch GET 200 https://registry.npmjs.org/@types/yargs/-/yargs-17.0.35.tgz 1710ms (cache miss)
872 http fetch GET 200 https://registry.npmjs.org/@types/stack-utils/-/stack-utils-2.0.3.tgz 1710ms (cache miss)
873 timing reifyNode:node_modules/@types/stack-utils Completed in 2033ms
874 timing reifyNode:node_modules/istanbul-lib-report Completed in 2063ms
875 timing reifyNode:node_modules/sprintf-js Completed in 2074ms
876 timing reifyNode:node_modules/human-signals Completed in 2066ms
877 timing reifyNode:node_modules/function-bind Completed in 2067ms
878 timing reifyNode:node_modules/expect Completed in 2067ms
879 timing reifyNode:node_modules/execa Completed in 2067ms
880 http fetch GET 200 https://registry.npmjs.org/cliui/-/cliui-8.0.1.tgz 1757ms (cache miss)
881 http fetch GET 200 https://registry.npmjs.org/ansi-styles/-/ansi-styles-4.3.0.tgz 1746ms (cache miss)
882 timing reifyNode:node_modules/ansi-styles Completed in 2067ms
883 http fetch GET 200 https://registry.npmjs.org/babel-plugin-jest-hoist/-/babel-plugin-jest-hoist-30.5.0.tgz 1749ms (cache miss)
884 timing reifyNode:node_modules/babel-plugin-jest-hoist Completed in 2067ms
885 http fetch GET 200 https://registry.npmjs.org/anymatch/-/anymatch-3.1.3.tgz 1747ms (cache miss)
886 timing reifyNode:node_modules/anymatch Completed in 2068ms
887 http fetch GET 200 https://registry.npmjs.org/@types/babel__generator/-/babel__generator-7.27.0.tgz 1740ms (cache miss)
888 timing reifyNode:node_modules/@types/babel__generator Completed in 2066ms
889 http fetch GET 200 https://registry.npmjs.org/napi-postinstall/-/napi-postinstall-0.3.4.tgz 1846ms (cache miss)
890 http fetch GET 200 https://registry.npmjs.org/jest-haste-map/-/jest-haste-map-30.5.0.tgz 1832ms (cache miss)
891 http fetch GET 200 https://registry.npmjs.org/express/-/express-5.2.1.tgz 1808ms (cache miss)
892 http fetch GET 200 https://registry.npmjs.org/es-object-atoms/-/es-object-atoms-1.1.2.tgz 1804ms (cache miss)
893 timing reifyNode:node_modules/call-bound Completed in 2101ms
894 http fetch GET 200 https://registry.npmjs.org/babel-preset-jest/-/babel-preset-jest-30.5.0.tgz 1784ms (cache miss)
895 timing reifyNode:node_modules/babel-preset-jest Completed in 2101ms
896 http fetch GET 200 https://registry.npmjs.org/babel-plugin-istanbul/-/babel-plugin-istanbul-8.0.0.tgz 1784ms (cache miss)
897 timing reifyNode:node_modules/babel-plugin-istanbul Completed in 2102ms
898 http fetch GET 200 https://registry.npmjs.org/accepts/-/accepts-2.0.0.tgz 1780ms (cache miss)
899 timing reifyNode:node_modules/accepts Completed in 2102ms
900 http fetch GET 200 https://registry.npmjs.org/@types/istanbul-reports/-/istanbul-reports-3.0.4.tgz 1777ms (cache miss)
901 timing reifyNode:node_modules/@types/istanbul-reports Completed in 2101ms
902 http fetch GET 200 https://registry.npmjs.org/@types/istanbul-lib-coverage/-/istanbul-lib-coverage-2.0.6.tgz 1777ms (cache miss)
903 timing reifyNode:node_modules/@types/istanbul-lib-coverage Completed in 2102ms
904 http fetch GET 200 https://registry.npmjs.org/yargs-parser/-/yargs-parser-21.1.1.tgz 1920ms (cache miss)
905 timing reifyNode:node_modules/yargs-parser Completed in 2151ms
906 http fetch GET 200 https://registry.npmjs.org/picomatch/-/picomatch-4.0.7.tgz 1894ms (cache miss)
907 timing reifyNode:node_modules/picomatch Completed in 2146ms
908 http fetch GET 200 https://registry.npmjs.org/istanbul-lib-instrument/-/istanbul-lib-instrument-6.0.3.tgz 1864ms (cache miss)
909 timing reifyNode:node_modules/istanbul-lib-instrument Completed in 2141ms
910 timing reifyNode:node_modules/deepmerge Completed in 2140ms
911 http fetch GET 200 https://registry.npmjs.org/@types/babel__traverse/-/babel__traverse-7.28.0.tgz 1813ms (cache miss)
912 timing reifyNode:node_modules/@types/babel__traverse Completed in 2138ms
913 http fetch GET 200 https://registry.npmjs.org/@types/babel__core/-/babel__core-7.20.5.tgz 1812ms (cache miss)
914 timing reifyNode:node_modules/@types/babel__core Completed in 2138ms
915 http fetch GET 200 https://registry.npmjs.org/@jest/source-map/-/source-map-30.5.0.tgz 1830ms (cache miss)
916 http fetch GET 200 https://registry.npmjs.org/tslib/-/tslib-2.8.1.tgz 1945ms (cache miss)
917 timing reifyNode:node_modules/tslib Completed in 2184ms
918 http fetch GET 200 https://registry.npmjs.org/jest-snapshot/-/jest-snapshot-30.5.0.tgz 1907ms (cache miss)
919 timing reifyNode:node_modules/jest-snapshot Completed in 2176ms
920 timing reifyNode:node_modules/jest-haste-map Completed in 2177ms
921 http fetch GET 200 https://registry.npmjs.org/jest-circus/-/jest-circus-30.5.0.tgz 1901ms (cache miss)
922 timing reifyNode:node_modules/jest-circus Completed in 2176ms
923 timing reifyNode:node_modules/has-symbols Completed in 2173ms
924 timing reifyNode:node_modules/express Completed in 2173ms
925 http fetch GET 200 https://registry.npmjs.org/debug/-/debug-4.4.3.tgz 1869ms (cache miss)
926 timing reifyNode:node_modules/debug Completed in 2173ms
927 timing reifyNode:node_modules/dunder-proto Completed in 2173ms
928 timing reifyNode:node_modules/cliui Completed in 2173ms
929 http fetch GET 200 https://registry.npmjs.org/browserslist/-/browserslist-4.28.8.tgz 1858ms (cache miss)
930 http fetch GET 200 https://registry.npmjs.org/@types/istanbul-lib-report/-/istanbul-lib-report-3.0.3.tgz 1848ms (cache miss)
931 timing reifyNode:node_modules/@types/istanbul-lib-report Completed in 2172ms
932 http fetch GET 200 https://registry.npmjs.org/@types/babel__template/-/babel__template-7.4.4.tgz 1847ms (cache miss)
933 timing reifyNode:node_modules/@types/babel__template Completed in 2172ms
934 http fetch GET 200 https://registry.npmjs.org/@jest/test-sequencer/-/test-sequencer-30.5.0.tgz 1842ms (cache miss)
935 timing reifyNode:node_modules/@jest/test-sequencer Completed in 2173ms
936 http fetch GET 200 https://registry.npmjs.org/@jest/globals/-/globals-30.5.0.tgz 1839ms (cache miss)
937 timing reifyNode:node_modules/@jest/globals Completed in 2173ms
938 timing reifyNode:node_modules/napi-postinstall Completed in 2248ms
939 http fetch GET 200 https://registry.npmjs.org/fast-json-stable-stringify/-/fast-json-stable-stringify-2.1.0.tgz 1948ms (cache miss)
940 timing reifyNode:node_modules/es-object-atoms Completed in 2243ms
941 http fetch GET 200 https://registry.npmjs.org/@jridgewell/resolve-uri/-/resolve-uri-3.1.2.tgz 1920ms (cache miss)
942 http fetch GET 200 https://registry.npmjs.org/react-is/-/react-is-19.2.8.tgz 1917ms (cache miss)
943 http fetch GET 200 https://registry.npmjs.org/@jest/schemas/-/schemas-30.5.0.tgz 1918ms (cache miss)
944 http fetch GET 200 https://registry.npmjs.org/react-is/-/react-is-18.3.1.tgz 1917ms (cache miss)
945 http fetch GET 200 https://registry.npmjs.org/@jest/diff-sequences/-/diff-sequences-30.5.0.tgz 1911ms (cache miss)
946 timing reifyNode:node_modules/@jest/source-map Completed in 2275ms
947 http fetch GET 200 https://registry.npmjs.org/@pkgr/core/-/core-0.3.6.tgz 1956ms (cache miss)
948 http fetch GET 200 https://registry.npmjs.org/@jest/types/-/types-30.5.0.tgz 1954ms (cache miss)
949 timing reifyNode:node_modules/@jest/types Completed in 2284ms
950 timing reifyNode:node_modules/@jest/react-is-19 Completed in 2285ms
951 http fetch GET 200 https://registry.npmjs.org/@jest/pattern/-/pattern-30.5.0.tgz 1951ms (cache miss)
952 http fetch GET 200 https://registry.npmjs.org/@jest/environment/-/environment-30.5.0.tgz 1947ms (cache miss)
953 timing reifyNode:node_modules/@jest/environment Completed in 2286ms
954 timing reifyNode:node_modules/browserslist Completed in 2308ms
955 http fetch GET 200 https://registry.npmjs.org/body-parser/-/body-parser-2.3.0.tgz 1992ms (cache miss)
956 timing reifyNode:node_modules/@types/yargs Completed in 2306ms
957 http fetch GET 200 https://registry.npmjs.org/@jridgewell/remapping/-/remapping-2.3.5.tgz 1975ms (cache miss)
958 http fetch GET 200 https://registry.npmjs.org/@istanbuljs/schema/-/schema-0.1.6.tgz 1966ms (cache miss)
959 timing reifyNode:node_modules/@istanbuljs/schema Completed in 2304ms
960 timing reifyNode:node_modules/fast-json-stable-stringify Completed in 2326ms
961 http fetch GET 200 https://registry.npmjs.org/baseline-browser-mapping/-/baseline-browser-mapping-2.11.20.tgz 2008ms (cache miss)
962 timing reifyNode:node_modules/@pkgr/core Completed in 2324ms
963 timing reifyNode:node_modules/@jridgewell/resolve-uri Completed in 2325ms
964 timing reifyNode:node_modules/@jest/schemas Completed in 2324ms
965 http fetch GET 200 https://registry.npmjs.org/@jest/snapshot-utils/-/snapshot-utils-30.5.0.tgz 1992ms (cache miss)
966 http fetch GET 200 https://registry.npmjs.org/@jest/expect-utils/-/expect-utils-30.5.0.tgz 1989ms (cache miss)
967 http fetch GET 200 https://registry.npmjs.org/@jest/get-type/-/get-type-30.5.0.tgz 1990ms (cache miss)
968 timing reifyNode:node_modules/@jest/get-type Completed in 2325ms
969 timing reifyNode:node_modules/@jest/expect-utils Completed in 2325ms
970 http fetch GET 200 https://registry.npmjs.org/@jest/expect/-/expect-30.5.0.tgz 1986ms (cache miss)
971 timing reifyNode:node_modules/@jest/expect Completed in 2326ms
972 http fetch GET 200 https://registry.npmjs.org/@isaacs/cliui/-/cliui-8.0.2.tgz 1984ms (cache miss)
973 http fetch GET 200 https://registry.npmjs.org/@babel/plugin-syntax-numeric-separator/-/plugin-syntax-numeric-separator-7.10.4.tgz 1989ms (cache miss)
974 timing reifyNode:node_modules/@babel/plugin-syntax-numeric-separator Completed in 2332ms
975 http fetch GET 200 https://registry.npmjs.org/cjs-module-lexer/-/cjs-module-lexer-2.2.1.tgz 2036ms (cache miss)
976 timing reifyNode:node_modules/body-parser Completed in 2345ms
977 timing reifyNode:node_modules/@jest/diff-sequences Completed in 2343ms
978 http fetch GET 200 https://registry.npmjs.org/@jest/fake-timers/-/fake-timers-30.5.0.tgz 2008ms (cache miss)
979 timing reifyNode:node_modules/@jest/fake-timers Completed in 2344ms
980 http fetch GET 200 https://registry.npmjs.org/@istanbuljs/load-nyc-config/-/load-nyc-config-1.1.0.tgz 2003ms (cache miss)
981 timing reifyNode:node_modules/@istanbuljs/load-nyc-config Completed in 2341ms
982 http fetch GET 200 https://registry.npmjs.org/@jest/test-result/-/test-result-30.5.0.tgz 2013ms (cache miss)
983 timing reifyNode:node_modules/@jest/test-result Completed in 2345ms
984 http fetch GET 200 https://registry.npmjs.org/@babel/plugin-syntax-top-level-await/-/plugin-syntax-top-level-await-7.14.5.tgz 2000ms (cache miss)
985 timing reifyNode:node_modules/@babel/plugin-syntax-top-level-await Completed in 2341ms
986 http fetch GET 200 https://registry.npmjs.org/@babel/plugin-syntax-optional-chaining/-/plugin-syntax-optional-chaining-7.8.3.tgz 2000ms (cache miss)
987 timing reifyNode:node_modules/@babel/plugin-syntax-optional-chaining Completed in 2342ms
988 http fetch GET 200 https://registry.npmjs.org/@babel/plugin-syntax-optional-catch-binding/-/plugin-syntax-optional-catch-binding-7.8.3.tgz 2000ms (cache miss)
989 timing reifyNode:node_modules/@babel/plugin-syntax-optional-catch-binding Completed in 2342ms
990 http fetch GET 200 https://registry.npmjs.org/@babel/plugin-syntax-object-rest-spread/-/plugin-syntax-object-rest-spread-7.8.3.tgz 1999ms (cache miss)
991 timing reifyNode:node_modules/@babel/plugin-syntax-object-rest-spread Completed in 2343ms
992 timing reifyNode:node_modules/baseline-browser-mapping Completed in 2364ms
993 timing reifyNode:node_modules/balanced-match Completed in 2364ms
994 http fetch GET 200 https://registry.npmjs.org/@sinonjs/fake-timers/-/fake-timers-15.4.0.tgz 2036ms (cache miss)
995 timing reifyNode:node_modules/@jest/react-is-18 Completed in 2363ms
996 http fetch GET 200 https://registry.npmjs.org/@babel/plugin-syntax-nullish-coalescing-operator/-/plugin-syntax-nullish-coalescing-operator-7.8.3.tgz 2017ms (cache miss)
997 timing reifyNode:node_modules/@babel/plugin-syntax-nullish-coalescing-operator Completed in 2360ms
998 http fetch GET 200 https://registry.npmjs.org/@jest/console/-/console-30.5.0.tgz 2024ms (cache miss)
999 timing reifyNode:node_modules/es-errors Completed in 2379ms
1000 http fetch GET 200 https://registry.npmjs.org/call-bind-apply-helpers/-/call-bind-apply-helpers-1.0.2.tgz 2064ms (cache miss)
1001 http fetch GET 200 https://registry.npmjs.org/@ungap/structured-clone/-/structured-clone-1.4.0.tgz 2054ms (cache miss)
1002 timing reifyNode:node_modules/@isaacs/cliui Completed in 2373ms
1003 http fetch GET 200 https://registry.npmjs.org/@jest/transform/-/transform-30.5.0.tgz 2045ms (cache miss)
1004 timing reifyNode:node_modules/@jest/transform Completed in 2376ms
1005 http fetch GET 200 https://registry.npmjs.org/@babel/plugin-syntax-typescript/-/plugin-syntax-typescript-7.29.7.tgz 2031ms (cache miss)
1006 timing reifyNode:node_modules/@babel/plugin-syntax-typescript Completed in 2373ms
1007 http fetch GET 200 https://registry.npmjs.org/@babel/plugin-syntax-private-property-in-object/-/plugin-syntax-private-property-in-object-7.14.5.tgz 2031ms (cache miss)
1008 timing reifyNode:node_modules/@babel/plugin-syntax-private-property-in-object Completed in 2373ms
1009 http fetch GET 200 https://registry.npmjs.org/@babel/plugin-syntax-import-attributes/-/plugin-syntax-import-attributes-7.29.7.tgz 2029ms (cache miss)
1010 timing reifyNode:node_modules/@babel/plugin-syntax-import-attributes Completed in 2374ms
1011 http fetch GET 200 https://registry.npmjs.org/@babel/plugin-syntax-bigint/-/plugin-syntax-bigint-7.8.3.tgz 2027ms (cache miss)
1012 timing reifyNode:node_modules/@babel/plugin-syntax-bigint Completed in 2374ms
1013 timing reifyNode:node_modules/@jest/console Completed in 2376ms
1014 http fetch GET 200 https://registry.npmjs.org/@babel/plugin-syntax-async-generators/-/plugin-syntax-async-generators-7.8.4.tgz 2028ms (cache miss)
1015 timing reifyNode:node_modules/@babel/plugin-syntax-async-generators Completed in 2375ms
1016 http fetch GET 200 https://registry.npmjs.org/synckit/-/synckit-0.11.13.tgz 2165ms (cache miss)
1017 timing reifyNode:node_modules/synckit Completed in 2404ms
1018 timing reifyNode:node_modules/cjs-module-lexer Completed in 2393ms
1019 http fetch GET 200 https://registry.npmjs.org/@babel/plugin-syntax-logical-assignment-operators/-/plugin-syntax-logical-assignment-operators-7.10.4.tgz 2045ms (cache miss)
1020 timing reifyNode:node_modules/@babel/plugin-syntax-logical-assignment-operators Completed in 2389ms
1021 http fetch GET 200 https://registry.npmjs.org/@babel/plugin-syntax-jsx/-/plugin-syntax-jsx-7.29.7.tgz 2045ms (cache miss)
1022 timing reifyNode:node_modules/@babel/plugin-syntax-jsx Completed in 2389ms
1023 http fetch GET 200 https://registry.npmjs.org/@babel/plugin-syntax-import-meta/-/plugin-syntax-import-meta-7.10.4.tgz 2044ms (cache miss)
1024 timing reifyNode:node_modules/@babel/plugin-syntax-import-meta Completed in 2389ms
1025 http fetch GET 200 https://registry.npmjs.org/@babel/helper-validator-option/-/helper-validator-option-7.29.7.tgz 2041ms (cache miss)
1026 http fetch GET 200 https://registry.npmjs.org/math-intrinsics/-/math-intrinsics-1.1.0.tgz 2148ms (cache miss)
1027 http fetch GET 200 https://registry.npmjs.org/brace-expansion/-/brace-expansion-5.0.9.tgz 2090ms (cache miss)
1028 timing reifyNode:node_modules/@sinonjs/fake-timers Completed in 2403ms
1029 http fetch GET 200 https://registry.npmjs.org/@babel/plugin-syntax-class-properties/-/plugin-syntax-class-properties-7.12.13.tgz 2055ms (cache miss)
1030 timing reifyNode:node_modules/@babel/plugin-syntax-class-properties Completed in 2401ms
1031 http fetch GET 200 https://registry.npmjs.org/@babel/helper-globals/-/helper-globals-7.29.7.tgz 2047ms (cache miss)
1032 http fetch GET 200 https://registry.npmjs.org/@babel/compat-data/-/compat-data-7.29.7.tgz 2047ms (cache miss)
1033 http fetch GET 200 https://registry.npmjs.org/@babel/code-frame/-/code-frame-7.29.7.tgz 2046ms (cache miss)
1034 http fetch GET 200 https://registry.npmjs.org/es-module-lexer/-/es-module-lexer-2.3.2.tgz 2132ms (cache miss)
1035 timing reifyNode:node_modules/call-bind-apply-helpers Completed in 2429ms
1036 timing reifyNode:node_modules/@ungap/structured-clone Completed in 2426ms
1037 http fetch GET 200 https://registry.npmjs.org/@jest/reporters/-/reporters-30.5.0.tgz 2094ms (cache miss)
1038 timing reifyNode:node_modules/@jest/snapshot-utils Completed in 2427ms
1039 http fetch GET 200 https://registry.npmjs.org/@jest/core/-/core-30.5.0.tgz 2087ms (cache miss)
1040 http fetch GET 200 https://registry.npmjs.org/@babel/plugin-syntax-json-strings/-/plugin-syntax-json-strings-7.8.3.tgz 2079ms (cache miss)
1041 timing reifyNode:node_modules/@babel/plugin-syntax-json-strings Completed in 2424ms
1042 http fetch GET 200 https://registry.npmjs.org/@babel/helper-validator-identifier/-/helper-validator-identifier-7.29.7.tgz 2072ms (cache miss)
1043 http fetch GET 200 https://registry.npmjs.org/@babel/helper-plugin-utils/-/helper-plugin-utils-7.29.7.tgz 2071ms (cache miss)
1044 timing reifyNode:node_modules/@babel/helper-plugin-utils Completed in 2424ms
1045 timing reifyNode:node_modules/@babel/helper-globals Completed in 2425ms
1046 http fetch GET 200 https://registry.npmjs.org/@babel/helper-compilation-targets/-/helper-compilation-targets-7.29.7.tgz 2071ms (cache miss)
1047 timing reifyNode:node_modules/@babel/code-frame Completed in 2426ms
1048 http fetch GET 200 https://registry.npmjs.org/brace-expansion/-/brace-expansion-2.1.4.tgz 2068ms (cache miss)
1049 http fetch GET 200 https://registry.npmjs.org/balanced-match/-/balanced-match-1.0.2.tgz 2067ms (cache miss)
1050 timing reifyNode:node_modules/test-exclude/node_modules/balanced-match Completed in 2451ms
1051 http fetch GET 200 https://registry.npmjs.org/@babel/plugin-syntax-class-static-block/-/plugin-syntax-class-static-block-7.14.5.tgz 2088ms (cache miss)
1052 timing reifyNode:node_modules/@babel/plugin-syntax-class-static-block Completed in 2435ms
1053 http fetch GET 200 https://registry.npmjs.org/content-type/-/content-type-2.0.0.tgz 2078ms (cache miss)
1054 timing reifyNode:node_modules/type-is/node_modules/content-type Completed in 2461ms
1055 timing reifyNode:node_modules/test-exclude/node_modules/brace-expansion Completed in 2461ms
1056 timing reifyNode:node_modules/@babel/helper-validator-option Completed in 2437ms
1057 timing reifyNode:node_modules/math-intrinsics Completed in 2457ms
1058 http fetch GET 200 https://registry.npmjs.org/jest-runtime/-/jest-runtime-30.5.0.tgz 2188ms (cache miss)
1059 timing reifyNode:node_modules/jest-runtime Completed in 2457ms
1060 timing reifyNode:node_modules/brace-expansion Completed in 2450ms
1061 http fetch GET 200 https://registry.npmjs.org/@babel/helper-string-parser/-/helper-string-parser-7.29.7.tgz 2092ms (cache miss)
1062 timing reifyNode:node_modules/@babel/helper-string-parser Completed in 2444ms
1063 http fetch GET 200 https://registry.npmjs.org/p-limit/-/p-limit-2.3.0.tgz 2086ms (cache miss)
1064 timing reifyNode:node_modules/p-locate/node_modules/p-limit Completed in 2467ms
1065 http fetch GET 200 https://registry.npmjs.org/supports-color/-/supports-color-8.1.1.tgz 2086ms (cache miss)
1066 timing reifyNode:node_modules/jest-worker/node_modules/supports-color Completed in 2464ms
1067 http fetch GET 200 https://registry.npmjs.org/wrap-ansi/-/wrap-ansi-8.1.0.tgz 2085ms (cache miss)
1068 timing reifyNode:node_modules/@isaacs/cliui/node_modules/wrap-ansi Completed in 2450ms
1069 http fetch GET 200 https://registry.npmjs.org/string-width/-/string-width-5.1.2.tgz 2084ms (cache miss)
1070 timing reifyNode:node_modules/@isaacs/cliui/node_modules/string-width Completed in 2450ms
1071 timing reifyNode:node_modules/es-module-lexer Completed in 2463ms
1072 http fetch GET 200 https://registry.npmjs.org/@pkgjs/parseargs/-/parseargs-0.11.0.tgz 2131ms (cache miss)
1073 timing reifyNode:node_modules/@jest/reporters Completed in 2458ms
1074 timing reifyNode:node_modules/@jest/core Completed in 2458ms
1075 http fetch GET 200 https://registry.npmjs.org/content-type/-/content-type-2.0.0.tgz 2093ms (cache miss)
1076 timing reifyNode:node_modules/body-parser/node_modules/content-type Completed in 2465ms
1077 http fetch GET 200 https://registry.npmjs.org/ansi-styles/-/ansi-styles-5.2.0.tgz 2118ms (cache miss)
1078 timing reifyNode:node_modules/pretty-format/node_modules/ansi-styles Completed in 2499ms
1079 http fetch GET 200 https://registry.npmjs.org/ansi-styles/-/ansi-styles-6.2.3.tgz 2115ms (cache miss)
1080 timing reifyNode:node_modules/@isaacs/cliui/node_modules/ansi-styles Completed in 2482ms
1081 timing reifyNode:node_modules/@babel/helper-validator-identifier Completed in 2489ms
1082 http fetch GET 200 https://registry.npmjs.org/camelcase/-/camelcase-6.3.0.tgz 2132ms (cache miss)
1083 timing reifyNode:node_modules/jest-validate/node_modules/camelcase Completed in 2510ms
1084 http fetch GET 200 https://registry.npmjs.org/electron-to-chromium/-/electron-to-chromium-1.5.416.tgz 2208ms (cache miss)
1085 timing reifyNode:node_modules/electron-to-chromium Completed in 2508ms
1086 timing reifyNode:node_modules/@pkgjs/parseargs Completed in 2505ms
1087 http fetch GET 200 https://registry.npmjs.org/@babel/helper-module-imports/-/helper-module-imports-7.29.7.tgz 2147ms (cache miss)
1088 http fetch GET 200 https://registry.npmjs.org/strip-ansi/-/strip-ansi-7.2.0.tgz 2138ms (cache miss)
1089 timing reifyNode:node_modules/@isaacs/cliui/node_modules/strip-ansi Completed in 2505ms
1090 http fetch GET 200 https://registry.npmjs.org/ansi-regex/-/ansi-regex-6.3.0.tgz 2138ms (cache miss)
1091 timing reifyNode:node_modules/@isaacs/cliui/node_modules/ansi-regex Completed in 2505ms
1092 http fetch GET 200 https://registry.npmjs.org/exit-x/-/exit-x-0.2.2.tgz 2223ms (cache miss)
1093 timing reifyNode:node_modules/exit-x Completed in 2518ms
1094 timing reifyNode:node_modules/@jest/pattern Completed in 2516ms
1095 timing reifyNode:node_modules/@babel/helper-module-imports Completed in 2528ms
1096 http fetch GET 200 https://registry.npmjs.org/esprima/-/esprima-4.0.1.tgz 2249ms (cache miss)
1097 timing reifyNode:node_modules/esprima Completed in 2545ms
1098 http fetch GET 200 https://registry.npmjs.org/picomatch/-/picomatch-2.3.2.tgz 2175ms (cache miss)
1099 http fetch GET 200 https://registry.npmjs.org/node-addon-api/-/node-addon-api-7.1.1.tgz 2305ms (cache miss)
1100 timing reifyNode:node_modules/node-addon-api Completed in 2565ms
1101 timing reifyNode:node_modules/@babel/compat-data Completed in 2552ms
1102 timing reifyNode:node_modules/anymatch/node_modules/picomatch Completed in 2561ms
1103 http fetch GET 200 https://registry.npmjs.org/ejs/-/ejs-6.0.1.tgz 2266ms (cache miss)
1104 timing reifyNode:node_modules/ejs Completed in 2572ms
1105 http fetch GET 200 https://registry.npmjs.org/object-inspect/-/object-inspect-1.13.4.tgz 2323ms (cache miss)
1106 timing reifyNode:node_modules/object-inspect Completed in 2582ms
1107 http fetch GET 200 https://registry.npmjs.org/@babel/template/-/template-7.29.7.tgz 2225ms (cache miss)
1108 timing reifyNode:node_modules/@babel/helper-compilation-targets Completed in 2565ms
1109 http fetch GET 200 https://registry.npmjs.org/foreground-child/-/foreground-child-3.3.1.tgz 2289ms (cache miss)
1110 http fetch GET 200 https://registry.npmjs.org/@emnapi/wasi-threads/-/wasi-threads-1.2.1.tgz 2249ms (cache miss)
1111 http fetch GET 200 https://registry.npmjs.org/emoji-regex/-/emoji-regex-9.2.2.tgz 2225ms (cache miss)
1112 http fetch GET 200 https://registry.npmjs.org/json5/-/json5-2.2.3.tgz 2343ms (cache miss)
1113 timing reifyNode:node_modules/@babel/template Completed in 2594ms
1114 http fetch GET 200 https://registry.npmjs.org/minipass/-/minipass-7.1.3.tgz 2353ms (cache miss)
1115 timing reifyNode:node_modules/minipass Completed in 2615ms
1116 timing reifyNode:node_modules/foreground-child Completed in 2610ms
1117 http fetch GET 200 https://registry.npmjs.org/argparse/-/argparse-1.0.10.tgz 2295ms (cache miss)
1118 timing reifyNode:node_modules/@emnapi/wasi-threads Completed in 2610ms
1119 timing reifyNode:node_modules/@isaacs/cliui/node_modules/emoji-regex Completed in 2613ms
1120 timing reifyNode:node_modules/json5 Completed in 2631ms
1121 http fetch GET 200 https://registry.npmjs.org/jackspeak/-/jackspeak-3.4.3.tgz 2362ms (cache miss)
1122 timing reifyNode:node_modules/jackspeak Completed in 2637ms
1123 timing reifyNode:node_modules/argparse Completed in 2641ms
1124 http fetch GET 200 https://registry.npmjs.org/@babel/helper-module-transforms/-/helper-module-transforms-7.29.7.tgz 2284ms (cache miss)
1125 timing reifyNode:node_modules/@jridgewell/remapping Completed in 2650ms
1126 http fetch GET 200 https://registry.npmjs.org/@parcel/watcher-linux-x64-glibc/-/watcher-linux-x64-glibc-2.6.0.tgz 2332ms (cache miss)
1127 timing reifyNode:node_modules/@parcel/watcher-linux-x64-glibc Completed in 2660ms
1128 timing reifyNode:node_modules/@babel/helper-module-transforms Completed in 2664ms
1129 http fetch GET 200 https://registry.npmjs.org/undici-types/-/undici-types-8.3.0.tgz 2456ms (cache miss)
1130 timing reifyNode:node_modules/undici-types Completed in 2694ms
1131 http fetch GET 200 https://registry.npmjs.org/qs/-/qs-6.16.0.tgz 2441ms (cache miss)
1132 http fetch GET 200 https://registry.npmjs.org/@parcel/watcher-linux-x64-musl/-/watcher-linux-x64-musl-2.6.0.tgz 2349ms (cache miss)
1133 http fetch GET 200 https://registry.npmjs.org/@jridgewell/sourcemap-codec/-/sourcemap-codec-1.6.0.tgz 2348ms (cache miss)
1134 timing reifyNode:node_modules/@parcel/watcher-linux-x64-musl Completed in 2686ms
1135 http fetch GET 200 https://registry.npmjs.org/@jridgewell/gen-mapping/-/gen-mapping-0.3.13.tgz 2359ms (cache miss)
1136 timing reifyNode:node_modules/qs Completed in 2711ms
1137 timing reifyNode:node_modules/@jridgewell/sourcemap-codec Completed in 2708ms
1138 timing reifyNode:node_modules/@jridgewell/gen-mapping Completed in 2708ms
1139 http fetch GET 200 https://registry.npmjs.org/signal-exit/-/signal-exit-4.1.0.tgz 2349ms (cache miss)
1140 timing reifyNode:node_modules/write-file-atomic/node_modules/signal-exit Completed in 2749ms
1141 http fetch GET 200 https://registry.npmjs.org/type-fest/-/type-fest-0.21.3.tgz 2511ms (cache miss)
1142 timing reifyNode:node_modules/type-fest Completed in 2749ms
1143 http fetch GET 200 https://registry.npmjs.org/signal-exit/-/signal-exit-4.1.0.tgz 2366ms (cache miss)
1144 timing reifyNode:node_modules/foreground-child/node_modules/signal-exit Completed in 2754ms
1145 http fetch GET 200 https://registry.npmjs.org/@emnapi/runtime/-/runtime-1.10.0.tgz 2412ms (cache miss)
1146 http fetch GET 200 https://registry.npmjs.org/@sinonjs/commons/-/commons-3.0.1.tgz 2435ms (cache miss)
1147 timing reifyNode:node_modules/@emnapi/runtime Completed in 2759ms
1148 http fetch GET 200 https://registry.npmjs.org/@napi-rs/wasm-runtime/-/wasm-runtime-1.2.3.tgz 2436ms (cache miss)
1149 http fetch GET 200 https://registry.npmjs.org/path-scurry/-/path-scurry-2.0.2.tgz 2530ms (cache miss)
1150 timing reifyNode:node_modules/path-scurry Completed in 2784ms
1151 timing reifyNode:node_modules/@sinonjs/commons Completed in 2773ms
1152 http fetch GET 200 https://registry.npmjs.org/@parcel/watcher/-/watcher-2.6.0.tgz 2444ms (cache miss)
1153 timing reifyNode:node_modules/@napi-rs/wasm-runtime Completed in 2780ms
1154 timing reifyNode:node_modules/@parcel/watcher Completed in 2789ms
1155 http fetch GET 200 https://registry.npmjs.org/@jridgewell/trace-mapping/-/trace-mapping-0.3.31.tgz 2464ms (cache miss)
1156 timing reifyNode:node_modules/@jridgewell/trace-mapping Completed in 2799ms
1157 http fetch GET 200 https://registry.npmjs.org/js-yaml/-/js-yaml-3.15.2.tgz 2546ms (cache miss)
1158 timing reifyNode:node_modules/js-yaml Completed in 2814ms
1159 http fetch GET 200 https://registry.npmjs.org/path-scurry/-/path-scurry-1.11.1.tgz 2442ms (cache miss)
1160 http fetch GET 200 https://registry.npmjs.org/iconv-lite/-/iconv-lite-0.7.3.tgz 2529ms (cache miss)
1161 timing reifyNode:node_modules/iconv-lite Completed in 2814ms
1162 timing reifyNode:node_modules/test-exclude/node_modules/path-scurry Completed in 2833ms
1163 http fetch GET 200 https://registry.npmjs.org/semver/-/semver-7.8.5.tgz 2453ms (cache miss)
1164 http fetch GET 200 https://registry.npmjs.org/semver/-/semver-7.8.5.tgz 2451ms (cache miss)
1165 http fetch GET 200 https://registry.npmjs.org/semver/-/semver-7.8.5.tgz 2458ms (cache miss)
1166 timing reifyNode:node_modules/make-dir/node_modules/semver Completed in 2840ms
1167 timing reifyNode:node_modules/istanbul-lib-instrument/node_modules/semver Completed in 2836ms
1168 timing reifyNode:node_modules/jest-snapshot/node_modules/semver Completed in 2844ms
1169 http fetch GET 200 https://registry.npmjs.org/yargs/-/yargs-17.7.3.tgz 2657ms (cache miss)
1170 timing reifyNode:node_modules/yargs Completed in 2897ms
1171 http fetch GET 200 https://registry.npmjs.org/lru-cache/-/lru-cache-10.4.3.tgz 2517ms (cache miss)
1172 timing reifyNode:node_modules/test-exclude/node_modules/lru-cache Completed in 2900ms
1173 http fetch GET 200 https://registry.npmjs.org/@bcoe/v8-coverage/-/v8-coverage-0.2.3.tgz 2541ms (cache miss)
1174 timing reifyNode:node_modules/@bcoe/v8-coverage Completed in 2889ms
1175 http fetch GET 200 https://registry.npmjs.org/minimatch/-/minimatch-10.2.6.tgz 2648ms (cache miss)
1176 http fetch GET 200 https://registry.npmjs.org/@babel/generator/-/generator-7.29.8.tgz 2538ms (cache miss)
1177 timing reifyNode:node_modules/@babel/generator Completed in 2906ms
1178 timing reifyNode:node_modules/minimatch Completed in 2925ms
1179 http fetch GET 200 https://registry.npmjs.org/istanbul-reports/-/istanbul-reports-3.2.0.tgz 2662ms (cache miss)
1180 timing reifyNode:node_modules/istanbul-reports Completed in 2947ms
1181 http fetch GET 200 https://registry.npmjs.org/minimatch/-/minimatch-9.0.9.tgz 2575ms (cache miss)
1182 timing reifyNode:node_modules/test-exclude/node_modules/glob/node_modules/minimatch Completed in 2966ms
1183 http fetch GET 200 https://registry.npmjs.org/@tybys/wasm-util/-/wasm-util-0.10.3.tgz 2621ms (cache miss)
1184 timing reifyNode:node_modules/@tybys/wasm-util Completed in 2955ms
1185 http fetch GET 200 https://registry.npmjs.org/pure-rand/-/pure-rand-7.0.1.tgz 2745ms (cache miss)
1186 timing reifyNode:node_modules/pure-rand Completed in 3000ms
1187 http fetch GET 200 https://registry.npmjs.org/glob/-/glob-10.5.0.tgz 2625ms (cache miss)
1188 warn deprecated glob@10.5.0: Old versions of glob are not supported, and contain widely publicized security vulnerabilities, which have been fixed in the current version. Please update. Support for old versions may be purchased (at exorbitant rates) by contacting i@izs.me
1189 timing reifyNode:node_modules/test-exclude/node_modules/glob Completed in 3015ms
1190 http fetch GET 200 https://registry.npmjs.org/@babel/traverse/-/traverse-7.29.8.tgz 2667ms (cache miss)
1191 timing reifyNode:node_modules/@babel/traverse Completed in 3016ms
1192 http fetch GET 200 https://registry.npmjs.org/@emnapi/core/-/core-1.10.0.tgz 2677ms (cache miss)
1193 timing reifyNode:node_modules/@emnapi/core Completed in 3020ms
1194 http fetch GET 200 https://registry.npmjs.org/@babel/parser/-/parser-7.29.8.tgz 2678ms (cache miss)
1195 timing reifyNode:node_modules/@babel/parser Completed in 3028ms
1196 http fetch GET 200 https://registry.npmjs.org/@unrs/resolver-binding-linux-x64-musl/-/resolver-binding-linux-x64-musl-1.12.2.tgz 2722ms (cache miss)
1197 timing reifyNode:node_modules/@unrs/resolver-binding-linux-x64-musl Completed in 3046ms
1198 http fetch GET 200 https://registry.npmjs.org/@unrs/resolver-binding-linux-x64-gnu/-/resolver-binding-linux-x64-gnu-1.12.2.tgz 2735ms (cache miss)
1199 timing reifyNode:node_modules/@unrs/resolver-binding-linux-x64-gnu Completed in 3057ms
1200 http fetch GET 200 https://registry.npmjs.org/glob/-/glob-13.0.6.tgz 2779ms (cache miss)
1201 timing reifyNode:node_modules/glob Completed in 3071ms
1202 http fetch GET 200 https://registry.npmjs.org/@babel/core/-/core-7.29.7.tgz 2760ms (cache miss)
1203 timing reifyNode:node_modules/@babel/core Completed in 3117ms
1204 http fetch GET 200 https://registry.npmjs.org/@types/node/-/node-26.4.0.tgz 2840ms (cache miss)
1205 timing reifyNode:node_modules/@types/node Completed in 3166ms
1206 http fetch GET 200 https://registry.npmjs.org/lru-cache/-/lru-cache-11.5.2.tgz 2809ms (cache miss)
1207 timing reifyNode:node_modules/path-scurry/node_modules/lru-cache Completed in 3194ms
1208 http fetch GET 200 https://registry.npmjs.org/@babel/helpers/-/helpers-7.29.7.tgz 2824ms (cache miss)
1209 timing reifyNode:node_modules/@babel/helpers Completed in 3178ms
1210 http fetch GET 200 https://registry.npmjs.org/@babel/types/-/types-7.29.8.tgz 2876ms (cache miss)
1211 timing reifyNode:node_modules/@babel/types Completed in 3218ms
1212 http fetch GET 200 https://registry.npmjs.org/caniuse-lite/-/caniuse-lite-1.0.30001810.tgz 3105ms (cache miss)
1213 timing reifyNode:node_modules/caniuse-lite Completed in 3418ms
1214 http fetch GET 200 https://registry.npmjs.org/@sinclair/typebox/-/typebox-0.34.52.tgz 3347ms (cache miss)
1215 timing reifyNode:node_modules/@sinclair/typebox Completed in 3676ms
1216 timing reify:unpack Completed in 3697ms
1217 timing reify:unretire Completed in 1ms
1218 timing build:queue Completed in 19ms
1219 timing build:link:node_modules/jest-cli Completed in 4ms
1220 timing build:link:node_modules/@babel/parser Completed in 7ms
1221 timing build:link:node_modules/istanbul-lib-instrument/node_modules/semver Completed in 6ms
1222 timing build:link:node_modules/jest-snapshot/node_modules/semver Completed in 6ms
1223 timing build:link:node_modules/make-dir/node_modules/semver Completed in 6ms
1224 timing build:link:node_modules/test-exclude/node_modules/glob Completed in 6ms
1225 timing build:link:node_modules/browserslist Completed in 7ms
1226 timing build:link:node_modules/ejs Completed in 7ms
1227 timing build:link:node_modules/baseline-browser-mapping Completed in 7ms
1228 timing build:link:node_modules/esprima Completed in 7ms
1229 timing build:link:node_modules/import-local Completed in 7ms
1230 timing build:link:node_modules/jest Completed in 7ms
1231 timing build:link:node_modules/js-yaml Completed in 6ms
1232 timing build:link:node_modules/jsesc Completed in 6ms
1233 timing build:link:node_modules/json5 Completed in 6ms
1234 timing build:link:node_modules/napi-postinstall Completed in 6ms
1235 timing build:link:node_modules/semver Completed in 6ms
1236 timing build:link:node_modules/update-browserslist-db Completed in 6ms
1237 timing build:link:node_modules/which Completed in 6ms
1238 timing build:link Completed in 8ms
1239 info run @parcel/watcher@2.6.0 install node_modules/@parcel/watcher node scripts/build-from-source.js
1240 info run @parcel/watcher@2.6.0 install { code: 0, signal: null }
1241 timing build:run:install:node_modules/@parcel/watcher Completed in 126ms
1242 timing build:run:install Completed in 126ms
1243 info run unrs-resolver@1.12.2 postinstall node_modules/unrs-resolver node postinstall.js
1244 info run unrs-resolver@1.12.2 postinstall { code: 0, signal: null }
1245 timing build:run:postinstall:node_modules/unrs-resolver Completed in 145ms
1246 timing build:run:postinstall Completed in 145ms
1247 timing build:deps Completed in 298ms
1248 timing build Completed in 298ms
1249 timing reify:build Completed in 299ms
1250 timing reify:trash Completed in 9ms
1251 timing reify:save Completed in 146ms
1252 timing reify Completed in 4593ms
1253 silly ADD node_modules/yocto-queue
1254 silly ADD node_modules/yargs-parser
1255 silly ADD node_modules/yargs
1256 silly ADD node_modules/yallist
1257 silly ADD node_modules/y18n
1258 silly ADD node_modules/write-file-atomic
1259 silly ADD node_modules/write-file-atomic/node_modules/signal-exit
1260 silly ADD node_modules/wrappy
1261 silly ADD node_modules/wrap-ansi-cjs
1262 silly ADD node_modules/wrap-ansi
1263 silly ADD node_modules/which
1264 silly ADD node_modules/vary
1265 silly ADD node_modules/v8-to-istanbul
1266 silly ADD node_modules/update-browserslist-db
1267 silly ADD node_modules/unrs-resolver
1268 silly ADD node_modules/unpipe
1269 silly ADD node_modules/undici-types
1270 silly ADD node_modules/type-is
1271 silly ADD node_modules/type-is/node_modules/content-type
1272 silly ADD node_modules/type-fest
1273 silly ADD node_modules/type-detect
1274 silly ADD
1275 silly ADD node_modules/toidentifier
1276 silly ADD node_modules/test-exclude
1277 silly ADD node_modules/test-exclude/node_modules/path-scurry
1278 silly ADD node_modules/test-exclude/node_modules/lru-cache
1279 silly ADD node_modules/test-exclude/node_modules/glob
1280 silly ADD node_modules/test-exclude/node_modules/glob/node_modules/minimatch
1281 silly ADD node_modules/test-exclude/node_modules/brace-expansion
1282 silly ADD node_modules/test-exclude/node_modules/balanced-match
1283 silly ADD node_modules/synckit
1284 silly ADD node_modules/supports-color
1285 silly ADD node_modules/strip-json-comments
1286 silly ADD node_modules/strip-final-newline
1287 silly ADD node_modules/strip-bom
1288 silly ADD node_modules/strip-ansi-cjs
1289 silly ADD node_modules/strip-ansi
1290 silly ADD node_modules/string-width-cjs
1291 silly ADD node_modules/string-width
1292 silly ADD node_modules/string-length
1293 silly ADD node_modules/statuses
1294 silly ADD node_modules/stack-utils
1295 silly ADD node_modules/sprintf-js
1296 silly ADD node_modules/slash
1297 silly ADD node_modules/signal-exit
1298 silly ADD node_modules/side-channel-weakmap
1299 silly ADD node_modules/side-channel-map
1300 silly ADD node_modules/side-channel-list
1301 silly ADD node_modules/side-channel
1302 silly ADD node_modules/shebang-regex
1303 silly ADD node_modules/shebang-command
1304 silly ADD node_modules/setprototypeof
1305 silly ADD node_modules/serve-static
1306 silly ADD node_modules/send
1307 silly ADD node_modules/semver
1308 silly ADD node_modules/safer-buffer
1309 silly ADD node_modules/safe-buffer
1310 silly ADD node_modules/router
1311 silly ADD node_modules/resolve-from
1312 silly ADD node_modules/resolve-cwd
1313 silly ADD node_modules/require-directory
1314 silly ADD node_modules/raw-body
1315 silly ADD node_modules/range-parser
1316 silly ADD node_modules/qs
1317 silly ADD node_modules/pure-rand
1318 silly ADD node_modules/proxy-addr
1319 silly ADD node_modules/pretty-format
1320 silly ADD node_modules/pretty-format/node_modules/ansi-styles
1321 silly ADD node_modules/pkg-dir
1322 silly ADD node_modules/pirates
1323 silly ADD node_modules/picomatch
1324 silly ADD node_modules/picocolors
1325 silly ADD node_modules/path-to-regexp
1326 silly ADD node_modules/path-scurry
1327 silly ADD node_modules/path-scurry/node_modules/lru-cache
1328 silly ADD node_modules/path-key
1329 silly ADD node_modules/path-exists
1330 silly ADD node_modules/parseurl
1331 silly ADD node_modules/parse-json
1332 silly ADD node_modules/package-json-from-dist
1333 silly ADD node_modules/p-try
1334 silly ADD node_modules/p-locate
1335 silly ADD node_modules/p-locate/node_modules/p-limit
1336 silly ADD node_modules/p-limit
1337 silly ADD node_modules/onetime
1338 silly ADD node_modules/once
1339 silly ADD node_modules/on-finished
1340 silly ADD node_modules/object-inspect
1341 silly ADD node_modules/npm-run-path
1342 silly ADD node_modules/normalize-path
1343 silly ADD node_modules/node-releases
1344 silly ADD node_modules/node-int64
1345 silly ADD node_modules/node-addon-api
1346 silly ADD node_modules/negotiator
1347 silly ADD node_modules/natural-compare
1348 silly ADD node_modules/napi-postinstall
1349 silly ADD node_modules/ms
1350 silly ADD node_modules/minipass
1351 silly ADD node_modules/minimatch
1352 silly ADD node_modules/mimic-fn
1353 silly ADD node_modules/mime-types
1354 silly ADD node_modules/mime-db
1355 silly ADD node_modules/merge-stream
1356 silly ADD node_modules/merge-descriptors
1357 silly ADD node_modules/media-typer
1358 silly ADD node_modules/math-intrinsics
1359 silly ADD node_modules/make-dir
1360 silly ADD node_modules/make-dir/node_modules/semver
1361 silly ADD node_modules/lru-cache
1362 silly ADD node_modules/locate-path
1363 silly ADD node_modules/lines-and-columns
1364 silly ADD node_modules/leven
1365 silly ADD node_modules/json5
1366 silly ADD node_modules/json-parse-even-better-errors
1367 silly ADD node_modules/jsesc
1368 silly ADD node_modules/js-yaml
1369 silly ADD node_modules/js-tokens
1370 silly ADD node_modules/jest-worker
1371 silly ADD node_modules/jest-worker/node_modules/supports-color
1372 silly ADD node_modules/jest-watcher
1373 silly ADD node_modules/jest-validate
1374 silly ADD node_modules/jest-validate/node_modules/camelcase
1375 silly ADD node_modules/jest-util
1376 silly ADD node_modules/jest-snapshot
1377 silly ADD node_modules/jest-snapshot/node_modules/semver
1378 silly ADD node_modules/jest-runtime
1379 silly ADD node_modules/jest-runner
1380 silly ADD node_modules/jest-resolve-dependencies
1381 silly ADD node_modules/jest-resolve
1382 silly ADD node_modules/jest-regex-util
1383 silly ADD node_modules/jest-mock
1384 silly ADD node_modules/jest-message-util
1385 silly ADD node_modules/jest-matcher-utils
1386 silly ADD node_modules/jest-leak-detector
1387 silly ADD node_modules/jest-haste-map
1388 silly ADD node_modules/jest-environment-node
1389 silly ADD node_modules/jest-each
1390 silly ADD node_modules/jest-docblock
1391 silly ADD node_modules/jest-diff
1392 silly ADD node_modules/jest-config
1393 silly ADD node_modules/jest-cli
1394 silly ADD node_modules/jest-circus
1395 silly ADD node_modules/jest-changed-files
1396 silly ADD node_modules/jest
1397 silly ADD node_modules/jackspeak
1398 silly ADD node_modules/istanbul-reports
1399 silly ADD node_modules/istanbul-lib-source-maps
1400 silly ADD node_modules/istanbul-lib-report
1401 silly ADD node_modules/istanbul-lib-instrument
1402 silly ADD node_modules/istanbul-lib-instrument/node_modules/semver
1403 silly ADD node_modules/istanbul-lib-coverage
1404 silly ADD node_modules/isexe
1405 silly ADD node_modules/is-stream
1406 silly ADD node_modules/is-promise
1407 silly ADD node_modules/is-glob
1408 silly ADD node_modules/is-generator-fn
1409 silly ADD node_modules/is-fullwidth-code-point
1410 silly ADD node_modules/is-extglob
1411 silly ADD node_modules/is-arrayish
1412 silly ADD node_modules/ipaddr.js
1413 silly ADD node_modules/inherits
1414 silly ADD node_modules/imurmurhash
1415 silly ADD node_modules/import-local
1416 silly ADD node_modules/iconv-lite
1417 silly ADD node_modules/human-signals
1418 silly ADD node_modules/http-errors
1419 silly ADD node_modules/html-escaper
1420 silly ADD node_modules/hasown
1421 silly ADD node_modules/has-symbols
1422 silly ADD node_modules/has-flag
1423 silly ADD node_modules/graceful-fs
1424 silly ADD node_modules/gopd
1425 silly ADD node_modules/glob
1426 silly ADD node_modules/get-stream
1427 silly ADD node_modules/get-proto
1428 silly ADD node_modules/get-package-type
1429 silly ADD node_modules/get-intrinsic
1430 silly ADD node_modules/get-caller-file
1431 silly ADD node_modules/gensync
1432 silly ADD node_modules/function-bind
1433 silly ADD node_modules/fresh
1434 silly ADD node_modules/forwarded
1435 silly ADD node_modules/foreground-child
1436 silly ADD node_modules/foreground-child/node_modules/signal-exit
1437 silly ADD node_modules/find-up
1438 silly ADD node_modules/finalhandler
1439 silly ADD node_modules/fdir
1440 silly ADD node_modules/fb-watchman
1441 silly ADD node_modules/fast-json-stable-stringify
1442 silly ADD node_modules/express
1443 silly ADD node_modules/expect
1444 silly ADD node_modules/exit-x
1445 silly ADD node_modules/execa
1446 silly ADD node_modules/etag
1447 silly ADD node_modules/esprima
1448 silly ADD node_modules/escape-string-regexp
1449 silly ADD node_modules/escape-html
1450 silly ADD node_modules/escalade
1451 silly ADD node_modules/es-object-atoms
1452 silly ADD node_modules/es-module-lexer
1453 silly ADD node_modules/es-errors
1454 silly ADD node_modules/es-define-property
1455 silly ADD node_modules/error-ex
1456 silly ADD node_modules/encodeurl
1457 silly ADD node_modules/emoji-regex
1458 silly ADD node_modules/emittery
1459 silly ADD node_modules/electron-to-chromium
1460 silly ADD node_modules/ejs
1461 silly ADD node_modules/ee-first
1462 silly ADD node_modules/eastasianwidth
1463 silly ADD node_modules/dunder-proto
1464 silly ADD node_modules/detect-newline
1465 silly ADD node_modules/detect-libc
1466 silly ADD node_modules/depd
1467 silly ADD node_modules/deepmerge
1468 silly ADD node_modules/dedent
1469 silly ADD node_modules/debug
1470 silly ADD node_modules/cross-spawn
1471 silly ADD node_modules/cookie-signature
1472 silly ADD node_modules/cookie
1473 silly ADD node_modules/convert-source-map
1474 silly ADD node_modules/content-type
1475 silly ADD node_modules/content-disposition
1476 silly ADD node_modules/color-name
1477 silly ADD node_modules/color-convert
1478 silly ADD node_modules/collect-v8-coverage
1479 silly ADD node_modules/co
1480 silly ADD node_modules/cliui
1481 silly ADD node_modules/cjs-module-lexer
1482 silly ADD node_modules/ci-info
1483 silly ADD node_modules/char-regex
1484 silly ADD node_modules/chalk
1485 silly ADD node_modules/caniuse-lite
1486 silly ADD node_modules/camelcase
1487 silly ADD node_modules/callsites
1488 silly ADD node_modules/call-bound
1489 silly ADD node_modules/call-bind-apply-helpers
1490 silly ADD node_modules/bytes
1491 silly ADD node_modules/bser
1492 silly ADD node_modules/browserslist
1493 silly ADD node_modules/brace-expansion
1494 silly ADD node_modules/body-parser
1495 silly ADD node_modules/body-parser/node_modules/content-type
1496 silly ADD node_modules/baseline-browser-mapping
1497 silly ADD node_modules/balanced-match
1498 silly ADD node_modules/babel-preset-jest
1499 silly ADD node_modules/babel-preset-current-node-syntax
1500 silly ADD node_modules/babel-plugin-jest-hoist
1501 silly ADD node_modules/babel-plugin-istanbul
1502 silly ADD node_modules/babel-jest
1503 silly ADD node_modules/argparse
1504 silly ADD node_modules/anymatch
1505 silly ADD node_modules/anymatch/node_modules/picomatch
1506 silly ADD node_modules/ansi-styles
1507 silly ADD node_modules/ansi-regex
1508 silly ADD node_modules/ansi-escapes
1509 silly ADD node_modules/accepts
1510 silly ADD
1511 silly ADD
1512 silly ADD
1513 silly ADD
1514 silly ADD
1515 silly ADD node_modules/@unrs/resolver-binding-linux-x64-musl
1516 silly ADD node_modules/@unrs/resolver-binding-linux-x64-gnu
1517 silly ADD
1518 silly ADD
1519 silly ADD
1520 silly ADD
1521 silly ADD
1522 silly ADD
1523 silly ADD
1524 silly ADD
1525 silly ADD
1526 silly ADD
1527 silly ADD
1528 silly ADD
1529 silly ADD
1530 silly ADD
1531 silly ADD
1532 silly ADD node_modules/@ungap/structured-clone
1533 silly ADD node_modules/@types/yargs-parser
1534 silly ADD node_modules/@types/yargs
1535 silly ADD node_modules/@types/stack-utils
1536 silly ADD node_modules/@types/node
1537 silly ADD node_modules/@types/istanbul-reports
1538 silly ADD node_modules/@types/istanbul-lib-report
1539 silly ADD node_modules/@types/istanbul-lib-coverage
1540 silly ADD node_modules/@types/babel__traverse
1541 silly ADD node_modules/@types/babel__template
1542 silly ADD node_modules/@types/babel__generator
1543 silly ADD node_modules/@types/babel__core
1544 silly ADD
1545 silly ADD node_modules/@sinonjs/fake-timers
1546 silly ADD node_modules/@sinonjs/commons
1547 silly ADD node_modules/@sinclair/typebox
1548 silly ADD node_modules/@pkgr/core
1549 silly ADD node_modules/@pkgjs/parseargs
1550 silly ADD
1551 silly ADD
1552 silly ADD node_modules/@parcel/watcher-linux-x64-musl
1553 silly ADD node_modules/@parcel/watcher-linux-x64-glibc
1554 silly ADD
1555 silly ADD
1556 silly ADD
1557 silly ADD
1558 silly ADD
1559 silly ADD
1560 silly ADD
1561 silly ADD
1562 silly ADD node_modules/@parcel/watcher
1563 silly ADD
1564 silly ADD node_modules/@jridgewell/trace-mapping
1565 silly ADD node_modules/@jridgewell/sourcemap-codec
1566 silly ADD node_modules/@jridgewell/resolve-uri
1567 silly ADD node_modules/@jridgewell/remapping
1568 silly ADD node_modules/@jridgewell/gen-mapping
1569 silly ADD node_modules/@jest/types
1570 silly ADD node_modules/@jest/transform
1571 silly ADD node_modules/@jest/test-sequencer
1572 silly ADD node_modules/@jest/test-result
1573 silly ADD node_modules/@jest/source-map
1574 silly ADD node_modules/@jest/snapshot-utils
1575 silly ADD node_modules/@jest/schemas
1576 silly ADD node_modules/@jest/reporters
1577 silly ADD node_modules/@jest/react-is-19
1578 silly ADD node_modules/@jest/react-is-18
1579 silly ADD node_modules/@jest/pattern
1580 silly ADD node_modules/@jest/globals
1581 silly ADD node_modules/@jest/get-type
1582 silly ADD node_modules/@jest/fake-timers
1583 silly ADD node_modules/@jest/expect-utils
1584 silly ADD node_modules/@jest/expect
1585 silly ADD node_modules/@jest/environment
1586 silly ADD node_modules/@jest/diff-sequences
1587 silly ADD node_modules/@jest/core
1588 silly ADD node_modules/@jest/console
1589 silly ADD node_modules/@istanbuljs/schema
1590 silly ADD node_modules/@istanbuljs/load-nyc-config
1591 silly ADD node_modules/@isaacs/cliui
1592 silly ADD node_modules/@isaacs/cliui/node_modules/wrap-ansi
1593 silly ADD node_modules/@isaacs/cliui/node_modules/strip-ansi
1594 silly ADD node_modules/@isaacs/cliui/node_modules/string-width
1595 silly ADD node_modules/@isaacs/cliui/node_modules/emoji-regex
1596 silly ADD node_modules/@isaacs/cliui/node_modules/ansi-styles
1597 silly ADD node_modules/@isaacs/cliui/node_modules/ansi-regex
1598 silly ADD
1599 silly ADD
1600 silly ADD
1601 silly ADD node_modules/@bcoe/v8-coverage
1602 silly ADD node_modules/@babel/types
1603 silly ADD node_modules/@babel/traverse
1604 silly ADD node_modules/@babel/template
1605 silly ADD node_modules/@babel/plugin-syntax-typescript
1606 silly ADD node_modules/@babel/plugin-syntax-top-level-await
1607 silly ADD node_modules/@babel/plugin-syntax-private-property-in-object
1608 silly ADD node_modules/@babel/plugin-syntax-optional-chaining
1609 silly ADD node_modules/@babel/plugin-syntax-optional-catch-binding
1610 silly ADD node_modules/@babel/plugin-syntax-object-rest-spread
1611 silly ADD node_modules/@babel/plugin-syntax-numeric-separator
1612 silly ADD node_modules/@babel/plugin-syntax-nullish-coalescing-operator
1613 silly ADD node_modules/@babel/plugin-syntax-logical-assignment-operators
1614 silly ADD node_modules/@babel/plugin-syntax-jsx
1615 silly ADD node_modules/@babel/plugin-syntax-json-strings
1616 silly ADD node_modules/@babel/plugin-syntax-import-meta
1617 silly ADD node_modules/@babel/plugin-syntax-import-attributes
1618 silly ADD node_modules/@babel/plugin-syntax-class-static-block
1619 silly ADD node_modules/@babel/plugin-syntax-class-properties
1620 silly ADD node_modules/@babel/plugin-syntax-bigint
1621 silly ADD node_modules/@babel/plugin-syntax-async-generators
1622 silly ADD node_modules/@babel/parser
1623 silly ADD node_modules/@babel/helpers
1624 silly ADD node_modules/@babel/helper-validator-option
1625 silly ADD node_modules/@babel/helper-validator-identifier
1626 silly ADD node_modules/@babel/helper-string-parser
1627 silly ADD node_modules/@babel/helper-plugin-utils
1628 silly ADD node_modules/@babel/helper-module-transforms
1629 silly ADD node_modules/@babel/helper-module-imports
1630 silly ADD node_modules/@babel/helper-globals
1631 silly ADD node_modules/@babel/helper-compilation-targets
1632 silly ADD node_modules/@babel/generator
1633 silly ADD node_modules/@babel/core
1634 silly ADD node_modules/@babel/compat-data
1635 silly ADD node_modules/@babel/code-frame
1636 timing command:install Completed in 4609ms
1637 verbose exit 0
1638 timing npm Completed in 4663ms
1639 info ok
